facilityid,attriblist
2733.0,[]
2991.0,"['Checkin Time', 'Checkout Time', 'Driveway Entry', 'Driveway Grade', 'Driveway Surface', 'Max Num of People', 'Max Num of Vehicles', 'Max Vehicle Length', 'Shade', 'Equipment Mandatory', 'Site Access', 'Tent Pad Size']"
2994.0,"['Checkin Time', 'Checkout Time', 'Driveway Entry', 'Driveway Grade', 'Driveway Surface', 'Max Num of People', 'Max Num of Vehicles', 'Max Vehicle Length', 'Shade', 'Equipment Mandatory', 'Site Access', 'Tent Pad Size']"
2743.0,"['Campfire Allowed', 'Checkin Time', 'Checkout Time', 'Driveway Entry', 'Driveway Grade', 'Driveway Surface', 'Max Num of People', 'Max Num of Vehicles', 'Pets Allowed', 'Shade', 'Equipment Mandatory', 'Site Access', 'Condition Rating', 'Min Num of People', 'Capacity/Size Rating', 'Grills BBQ Fire', 'Tables', 'Min Num of Vehicles', 'Drinking Water', 'Paved Parking', 'Location Rating', 'Showers', 'Concessions Gifts', 'Emergency Phone', 'Entrance Station', 'Paved Roads', 'Ice', 'Toilets', 'Trailheads', 'Amphitheater', 'Firewood Vender', 'Laundry Facilities', 'Kennel', 'Wireless Internet', 'Cave Tours', 'Visitor Center']"
2907.0,"['Campfire Allowed', 'Checkin Time', 'Checkout Time', 'Driveway Entry', 'Driveway Grade', 'Driveway Surface', 'Max Num of People', 'Max Num of Vehicles', 'Max Vehicle Length', 'Pets Allowed', 'Shade', 'Placed on Map', 'Equipment Mandatory', 'Site Access', 'Tent Pad Size', 'Min Num of People', 'Grills BBQ Fire', 'Tables', 'Tent Pad']"
2554.0,"['Campfire Allowed', 'Checkin Time', 'Checkout Time', 'Driveway Entry', 'Driveway Grade', 'Driveway Surface', 'Max Num of People', 'Max Num of Vehicles', 'Pets Allowed', 'Shade', 'Equipment Mandatory', 'Site Access', 'Condition Rating', 'Tent Pad Size', 'Food Locker', 'Min Num of People', 'Grills BBQ Fire', 'Tables', 'Tent Pad']"
2739.0,"['Campfire Allowed', 'Checkin Time', 'Checkout Time', 'Driveway Entry', 'Driveway Surface', 'Max Num of People', 'Max Num of Vehicles', 'Pets Allowed', 'Shade', 'Equipment Mandatory', 'Site Access', 'Condition Rating', 'Min Num of People', 'Capacity/Size Rating', 'Grills BBQ Fire', 'Tables', 'Min Num of Vehicles', 'Drinking Water', 'Paved Parking', 'Location Rating', 'Showers', 'Concessions Gifts', 'Emergency Phone', 'Entrance Station', 'Paved Roads', 'Ice', 'Toilets', 'Trailheads', 'Amphitheater', 'Firewood Vender', 'Laundry Facilities', 'Kennel', 'Wireless Internet', 'Cave Tours', 'Visitor Center']"
2782.0,"['Campfire Allowed', 'Checkin Time', 'Checkout Time', 'Driveway Entry', 'Driveway Grade', 'Driveway Surface', 'Max Num of People', 'Max Num of Vehicles', 'Pets Allowed', 'Shade', 'Placed on Map', 'Equipment Mandatory', 'Site Access', 'Condition Rating', 'Min Num of People', 'Capacity/Size Rating', 'Grills BBQ Fire', 'Tables', 'Min Num of Vehicles', 'Location Rating']"
2576.0,"['Campfire Allowed', 'Checkin Time', 'Checkout Time', 'Driveway Entry', 'Driveway Surface', 'Max Num of People', 'Max Num of Vehicles', 'Max Vehicle Length', 'Pets Allowed', 'Proximity to Water', 'Placed on Map', 'Equipment Mandatory', 'Site Access', 'Tent Pad Size', 'Capacity/Size Rating', 'Grills BBQ Fire', 'Tables', 'Double Driveway']"
2931.0,"['Campfire Allowed', 'Checkin Time', 'Checkout Time', 'Driveway Entry', 'Driveway Grade', 'Driveway Surface', 'Max Num of People', 'Max Num of Vehicles', 'Max Vehicle Length', 'Pets Allowed', 'Shade', 'Placed on Map', 'Equipment Mandatory', 'Site Access', 'Tent Pad Size', 'Min Num of People', 'Grills BBQ Fire', 'Tables', 'Tent Pad']"
2025.0,"['Checkin Time', 'Checkout Time', 'Driveway Entry', 'Driveway Grade', 'Driveway Surface', 'Max Num of People', 'Max Num of Vehicles', 'Max Vehicle Length', 'Shade', 'Equipment Mandatory', 'Site Access', 'Tent Pad Size']"
2864.0,[]
2893.0,[]
1071.0,"['Campfire Allowed', 'Checkin Time', 'Checkout Time', 'Max Num of People', 'Max Num of Vehicles', 'Pets Allowed', 'Shade', 'Placed on Map', 'Equipment Mandatory', 'Hike In Distance to Site', 'Site Access', 'Tent Pad Size']"
440.0,"['Campfire Allowed', 'Checkin Time', 'Checkout Time', 'Driveway Entry', 'Driveway Grade', 'Driveway Surface', 'Max Num of People', 'Max Num of Vehicles', 'Max Vehicle Length', 'Pets Allowed', 'Proximity to Water', 'Shade', 'Placed on Map', 'Equipment Mandatory', 'Electricity Hookup', 'Water Hookup']"
1076.0,"['Campfire Allowed', 'Checkin Time', 'Checkout Time', 'Max Num of People', 'Max Num of Vehicles', 'Pets Allowed', 'Shade', 'Placed on Map', 'Equipment Mandatory', 'Hike In Distance to Site', 'Site Access', 'Tent Pad Size']"
2937.0,"['Campfire Allowed', 'Checkin Time', 'Checkout Time', 'Driveway Entry', 'Driveway Grade', 'Driveway Surface', 'Max Num of People', 'Max Num of Vehicles', 'Max Vehicle Length', 'Shade', 'Placed on Map', 'Equipment Mandatory', 'Site Access', 'Tent Pad Size', 'Grills BBQ Fire', 'Tables', 'Tent Pad']"
2933.0,"['Campfire Allowed', 'Checkin Time', 'Checkout Time', 'Driveway Surface', 'Max Num of People', 'Max Num of Vehicles', 'Max Vehicle Length', 'Shade', 'Placed on Map', 'Equipment Mandatory', 'Site Access', 'Tent Pad Size', 'Grills BBQ Fire', 'Tables', 'Tent Pad']"
2617.0,"['Campfire Allowed', 'Checkin Time', 'Checkout Time', 'Driveway Entry', 'Driveway Grade', 'Driveway Surface', 'Max Num of People', 'Max Num of Vehicles', 'Max Vehicle Length', 'Pets Allowed', 'Proximity to Water', 'Shade', 'Placed on Map', 'Equipment Mandatory', 'Site Access', 'Tent Pad Size', 'Min Num of People', 'Grills BBQ Fire', 'Tables', 'Tent Pad']"
2725.0,[]
2881.0,"['Campfire Allowed', 'Checkin Time', 'Checkout Time', 'Driveway Entry', 'Driveway Surface', 'Max Num of People', 'Max Num of Vehicles', 'Max Vehicle Length', 'Pets Allowed', 'Shade', 'Placed on Map', 'Equipment Mandatory', 'Site Access', 'Tent Pad Size', 'Min Num of People', 'Grills BBQ Fire', 'Tables', 'Tent Pad']"
2738.0,"['Campfire Allowed', 'Checkin Time', 'Checkout Time', 'Driveway Entry', 'Driveway Grade', 'Driveway Surface', 'Max Num of People', 'Max Num of Vehicles', 'Pets Allowed', 'Shade', 'Equipment Mandatory', 'Site Access', 'Condition Rating', 'Min Num of People', 'Capacity/Size Rating', 'Grills BBQ Fire', 'Tables', 'Min Num of Vehicles', 'Drinking Water', 'Paved Parking', 'Location Rating', 'Showers', 'Concessions Gifts', 'Emergency Phone', 'Entrance Station', 'Paved Roads', 'Ice', 'Toilets', 'Trailheads', 'Amphitheater', 'Firewood Vender', 'Laundry Facilities', 'Kennel', 'Wireless Internet', 'Cave Tours', 'Visitor Center']"
516.0,"['Checkin Time', 'Checkout Time', 'Max Num of People', 'Max Num of Vehicles', 'Pets Allowed', 'Shade', 'Placed on Map', 'Equipment Mandatory']"
385.0,"['Campfire Allowed', 'Checkin Time', 'Checkout Time', 'Driveway Entry', 'Driveway Grade', 'Driveway Surface', 'Max Num of People', 'Max Num of Vehicles', 'Max Vehicle Length', 'Pets Allowed', 'Placed on Map', 'Equipment Mandatory', 'Electricity Hookup', 'Water Hookup', 'Double Driveway']"
2895.0,[]
1064.0,"['Campfire Allowed', 'Checkin Time', 'Checkout Time', 'Max Num of People', 'Max Num of Vehicles', 'Pets Allowed', 'Shade', 'Placed on Map', 'Equipment Mandatory', 'Hike In Distance to Site', 'Site Access', 'Condition Rating', 'Site Rating']"
458.0,"['Checkin Time', 'Checkout Time', 'Max Num of People', 'Max Num of Vehicles', 'Pets Allowed', 'Shade', 'Placed on Map', 'Equipment Mandatory']"
187.0,"['Campfire Allowed', 'Checkin Time', 'Checkout Time', 'Driveway Entry', 'Driveway Surface', 'Max Num of People', 'Max Num of Vehicles', 'Max Vehicle Length', 'Pets Allowed', 'Shade', 'Placed on Map', 'Equipment Mandatory', 'Capacity/Size Rating', 'Site size']"
2662.0,"['Campfire Allowed', 'Checkin Time', 'Checkout Time', 'Driveway Entry', 'Driveway Surface', 'Max Num of People', 'Max Num of Vehicles', 'Max Vehicle Length', 'Pets Allowed', 'Proximity to Water', 'Shade', 'Placed on Map', 'Equipment Mandatory', 'Site Access', 'Tent Pad Size', 'Min Num of People', 'Grills BBQ Fire', 'Tables', 'Tent Pad']"
1042.0,"['Campfire Allowed', 'Checkin Time', 'Checkout Time', 'Max Num of People', 'Max Num of Vehicles', 'Pets Allowed', 'Shade', 'Placed on Map', 'Equipment Mandatory', 'Hike In Distance to Site', 'Site Access', 'Condition Rating']"
1112.0,"['Checkin Time', 'Checkout Time', 'Placed on Map', 'Food Locker', 'Generator Free']"
1045.0,"['Campfire Allowed', 'Checkin Time', 'Checkout Time', 'Max Num of People', 'Max Num of Vehicles', 'Pets Allowed', 'Placed on Map', 'Equipment Mandatory', 'Hike In Distance to Site', 'Site Access', 'Condition Rating']"
2573.0,"['Campfire Allowed', 'Checkin Time', 'Checkout Time', 'Driveway Entry', 'Driveway Surface', 'Max Num of People', 'Max Num of Vehicles', 'Max Vehicle Length', 'Pets Allowed', 'Proximity to Water', 'Placed on Map', 'Equipment Mandatory', 'Site Access', 'Capacity/Size Rating', 'Grills BBQ Fire', 'Tables']"
450.0,"['Checkin Time', 'Checkout Time', 'Max Num of People', 'Max Num of Vehicles', 'Pets Allowed', 'Placed on Map', 'Equipment Mandatory']"
526.0,"['Campfire Allowed', 'Checkin Time', 'Checkout Time', 'Max Num of People', 'Max Num of Vehicles', 'Max Vehicle Length', 'Placed on Map', 'Equipment Mandatory', 'Hike In Distance to Site', 'Site Access', 'Water Hookup']"
444.0,"['Campfire Allowed', 'Checkin Time', 'Checkout Time', 'Driveway Entry', 'Driveway Grade', 'Driveway Surface', 'Max Num of People', 'Max Num of Vehicles', 'Max Vehicle Length', 'Pets Allowed', 'Proximity to Water', 'Shade', 'Placed on Map', 'Equipment Mandatory', 'Electricity Hookup', 'Water Hookup']"
352.0,"['Campfire Allowed', 'Checkin Time', 'Checkout Time', 'Driveway Entry', 'Driveway Grade', 'Driveway Surface', 'Max Num of People', 'Max Num of Vehicles', 'Max Vehicle Length', 'Pets Allowed', 'Shade', 'Placed on Map', 'Equipment Mandatory', 'Electricity Hookup', 'Water Hookup']"
161.0,"['Campfire Allowed', 'Checkin Time', 'Checkout Time', 'Driveway Entry', 'Driveway Surface', 'Max Num of People', 'Max Num of Vehicles', 'Max Vehicle Length', 'Pets Allowed', 'Shade', 'Placed on Map', 'Equipment Mandatory', 'Capacity/Size Rating', 'Site size', 'Double Driveway']"
1067.0,"['Campfire Allowed', 'Checkin Time', 'Checkout Time', 'Driveway Entry', 'Driveway Grade', 'Max Num of People', 'Max Num of Vehicles', 'Max Vehicle Length', 'Pets Allowed', 'Placed on Map', 'Equipment Mandatory']"
2835.0,"['Campfire Allowed', 'Checkin Time', 'Checkout Time', 'Driveway Entry', 'Driveway Surface', 'Max Num of People', 'Max Num of Vehicles', 'Max Vehicle Length', 'Pets Allowed', 'Shade', 'Site Access', 'Condition Rating', 'Min Num of People', 'Capacity/Size Rating', 'Grills BBQ Fire', 'Tables', 'Min Num of Vehicles', 'Paved Parking', 'Location Rating', 'Showers', 'Concessions Gifts', 'Emergency Phone', 'Entrance Station', 'Paved Roads', 'Ice', 'Toilets', 'Trailheads', 'Amphitheater', 'Firewood Vender', 'Laundry Facilities', 'Kennel', 'Wireless Internet', 'Cave Tours', 'Visitor Center']"
373.0,"['Campfire Allowed', 'Checkin Time', 'Checkout Time', 'Driveway Entry', 'Driveway Grade', 'Driveway Surface', 'Max Num of People', 'Max Num of Vehicles', 'Max Vehicle Length', 'Pets Allowed', 'Proximity to Water', 'Placed on Map', 'Equipment Mandatory', 'Electricity Hookup', 'Water Hookup']"
476.0,"['Checkin Time', 'Checkout Time', 'Max Num of People', 'Max Num of Vehicles', 'Pets Allowed', 'Placed on Map', 'Equipment Mandatory']"
2609.0,"['Campfire Allowed', 'Checkin Time', 'Checkout Time', 'Driveway Entry', 'Driveway Surface', 'Max Num of People', 'Max Num of Vehicles', 'Max Vehicle Length', 'Pets Allowed', 'Shade', 'Placed on Map', 'Equipment Mandatory', 'Site Access', 'Tent Pad Size', 'Min Num of People', 'Grills BBQ Fire', 'Tables', 'Tent Pad']"
454.0,[]
449.0,"['Campfire Allowed', 'Checkin Time', 'Checkout Time', 'Driveway Entry', 'Driveway Grade', 'Driveway Surface', 'Max Num of People', 'Max Num of Vehicles', 'Max Vehicle Length', 'Pets Allowed', 'Shade', 'Placed on Map', 'Equipment Mandatory', 'Accessibility', 'Electricity Hookup', 'Water Hookup']"
530.0,"['Campfire Allowed', 'Checkin Time', 'Checkout Time', 'Max Num of People', 'Max Num of Vehicles', 'Max Vehicle Length', 'Placed on Map', 'Equipment Mandatory', 'Hike In Distance to Site', 'Site Access', 'Water Hookup']"
2803.0,"['Campfire Allowed', 'Checkin Time', 'Checkout Time', 'Driveway Entry', 'Driveway Surface', 'Max Num of People', 'Max Num of Vehicles', 'Pets Allowed', 'Shade', 'Equipment Mandatory', 'Site Access', 'Condition Rating', 'Min Num of People', 'Capacity/Size Rating', 'Grills BBQ Fire', 'Tables', 'Min Num of Vehicles', 'Drinking Water', 'Paved Parking', 'Location Rating', 'Showers', 'Concessions Gifts', 'Emergency Phone', 'Entrance Station', 'Paved Roads', 'Ice', 'Toilets', 'Trailheads', 'Amphitheater', 'Firewood Vender', 'Laundry Facilities', 'Kennel', 'Wireless Internet', 'Cave Tours', 'Visitor Center']"
191.0,"['Campfire Allowed', 'Checkin Time', 'Checkout Time', 'Driveway Entry', 'Driveway Surface', 'Max Num of People', 'Max Num of Vehicles', 'Max Vehicle Length', 'Pets Allowed', 'Shade', 'Placed on Map', 'Equipment Mandatory', 'Capacity/Size Rating', 'Site size']"
1077.0,"['Campfire Allowed', 'Checkin Time', 'Checkout Time', 'Max Num of People', 'Max Num of Vehicles', 'Pets Allowed', 'Shade', 'Placed on Map', 'Equipment Mandatory', 'Condition Rating']"
2845.0,"['Campfire Allowed', 'Checkin Time', 'Checkout Time', 'Driveway Entry', 'Driveway Grade', 'Driveway Surface', 'Max Num of People', 'Max Num of Vehicles', 'Pets Allowed', 'Shade', 'Equipment Mandatory', 'Site Access', 'Condition Rating', 'Min Num of People', 'Capacity/Size Rating', 'Grills BBQ Fire', 'Tables', 'Min Num of Vehicles', 'Drinking Water', 'Paved Parking', 'Location Rating', 'Showers', 'Concessions Gifts', 'Emergency Phone', 'Entrance Station', 'Paved Roads', 'Ice', 'Toilets', 'Trailheads', 'Amphitheater', 'Firewood Vender', 'Laundry Facilities', 'Kennel', 'Wireless Internet', 'Cave Tours', 'Visitor Center']"
160.0,"['Campfire Allowed', 'Checkin Time', 'Checkout Time', 'Driveway Entry', 'Driveway Surface', 'Max Num of People', 'Max Num of Vehicles', 'Max Vehicle Length', 'Pets Allowed', 'Placed on Map', 'Equipment Mandatory', 'Capacity/Size Rating', 'Site size']"
493.0,"['Checkin Time', 'Checkout Time', 'Max Num of People', 'Max Num of Vehicles', 'Pets Allowed', 'Shade', 'Placed on Map', 'Equipment Mandatory']"
461.0,"['Campfire Allowed', 'Checkin Time', 'Checkout Time', 'Driveway Entry', 'Driveway Grade', 'Driveway Surface', 'Max Num of People', 'Max Num of Vehicles', 'Max Vehicle Length', 'Pets Allowed', 'Proximity to Water', 'Placed on Map', 'Equipment Mandatory', 'Electricity Hookup', 'Water Hookup']"
1039.0,"['Checkin Time', 'Checkout Time', 'Driveway Entry', 'Max Num of People', 'Max Num of Vehicles', 'Max Vehicle Length', 'Pets Allowed', 'Shade', 'Placed on Map', 'Equipment Mandatory']"
158.0,"['Campfire Allowed', 'Checkin Time', 'Checkout Time', 'Driveway Entry', 'Driveway Surface', 'Max Num of People', 'Max Num of Vehicles', 'Max Vehicle Length', 'Pets Allowed', 'Shade', 'Placed on Map', 'Equipment Mandatory', 'Capacity/Size Rating', 'Site size']"
1685.0,"['Campfire Allowed', 'Checkin Time', 'Checkout Time', 'Driveway Entry', 'Driveway Grade', 'Driveway Surface', 'Max Num of People', 'Max Num of Vehicles', 'Max Vehicle Length', 'Pets Allowed', 'Shade', 'Equipment Mandatory', 'Site Access', 'Condition Rating', 'Food Locker', 'Site Rating', 'Min Num of People', 'Capacity/Size Rating', 'Water Hookup', 'Min Num of Vehicles', 'Location Rating']"
387.0,"['Campfire Allowed', 'Checkin Time', 'Checkout Time', 'Driveway Entry', 'Driveway Grade', 'Driveway Surface', 'Max Num of People', 'Max Num of Vehicles', 'Max Vehicle Length', 'Pets Allowed', 'Placed on Map', 'Equipment Mandatory', 'Electricity Hookup', 'Water Hookup']"
2631.0,"['Campfire Allowed', 'Checkin Time', 'Checkout Time', 'Driveway Entry', 'Driveway Grade', 'Driveway Surface', 'Max Num of People', 'Max Num of Vehicles', 'Max Vehicle Length', 'Pets Allowed', 'Shade', 'Placed on Map', 'Equipment Mandatory', 'Site Access', 'Tent Pad Size', 'Min Num of People', 'Grills BBQ Fire', 'Tables', 'Tent Pad']"
495.0,"['Campfire Allowed', 'Checkin Time', 'Checkout Time', 'Driveway Entry', 'Driveway Grade', 'Driveway Surface', 'Max Num of People', 'Max Num of Vehicles', 'Max Vehicle Length', 'Pets Allowed', 'Placed on Map', 'Equipment Mandatory', 'Electricity Hookup', 'Water Hookup']"
269.0,"['Campfire Allowed', 'Checkin Time', 'Checkout Time', 'Driveway Entry', 'Driveway Grade', 'Driveway Surface', 'Max Num of People', 'Max Num of Vehicles', 'Max Vehicle Length', 'Pets Allowed', 'Shade', 'Placed on Map', 'Equipment Mandatory', 'Min Num of People', 'Capacity/Size Rating', 'Site size']"
382.0,"['Campfire Allowed', 'Checkin Time', 'Checkout Time', 'Driveway Entry', 'Driveway Grade', 'Driveway Surface', 'Max Num of People', 'Max Num of Vehicles', 'Max Vehicle Length', 'Pets Allowed', 'Placed on Map', 'Equipment Mandatory', 'Electricity Hookup', 'Water Hookup']"
391.0,"['Checkin Time', 'Checkout Time', 'Max Num of People', 'Max Num of Vehicles', 'Pets Allowed', 'Shade', 'Placed on Map', 'Equipment Mandatory']"
442.0,"['Campfire Allowed', 'Checkin Time', 'Checkout Time', 'Driveway Entry', 'Driveway Grade', 'Driveway Surface', 'Max Num of People', 'Max Num of Vehicles', 'Max Vehicle Length', 'Pets Allowed', 'Placed on Map', 'Equipment Mandatory', 'Site size', 'Electricity Hookup', 'Water Hookup']"
1690.0,"['Campfire Allowed', 'Checkin Time', 'Checkout Time', 'Driveway Entry', 'Driveway Grade', 'Driveway Surface', 'Max Num of People', 'Max Num of Vehicles', 'Max Vehicle Length', 'Pets Allowed', 'Shade', 'Equipment Mandatory', 'Site Access', 'Condition Rating', 'Food Locker', 'Site Rating', 'Min Num of People', 'Capacity/Size Rating', 'Water Hookup', 'Min Num of Vehicles', 'Location Rating']"
1686.0,"['Campfire Allowed', 'Checkin Time', 'Checkout Time', 'Driveway Entry', 'Driveway Grade', 'Driveway Surface', 'Max Num of People', 'Max Num of Vehicles', 'Max Vehicle Length', 'Pets Allowed', 'Shade', 'Equipment Mandatory', 'Site Access', 'Condition Rating', 'Food Locker', 'Site Rating', 'Min Num of People', 'Capacity/Size Rating', 'Site size', 'Water Hookup', 'Min Num of Vehicles', 'Location Rating']"
537.0,"['Campfire Allowed', 'Checkin Time', 'Checkout Time', 'Driveway Entry', 'Driveway Surface', 'Max Num of People', 'Max Num of Vehicles', 'Max Vehicle Length', 'Pets Allowed', 'Proximity to Water', 'Shade', 'Placed on Map', 'Equipment Mandatory']"
2970.0,"['Campfire Allowed', 'Checkin Time', 'Checkout Time', 'Driveway Entry', 'Driveway Surface', 'Max Num of People', 'Max Num of Vehicles', 'Max Vehicle Length', 'Shade', 'Placed on Map', 'Equipment Mandatory', 'Site Access', 'Tent Pad Size', 'Grills BBQ Fire', 'Tables', 'Tent Pad']"
13549.0,"['Campfire Allowed', 'Checkin Time', 'Checkout Time', 'Driveway Entry', 'Driveway Surface', 'Max Num of People', 'Max Num of Vehicles', 'Max Vehicle Length', 'Pets Allowed', 'Shade', 'Placed on Map', 'Equipment Mandatory', 'Min Num of People', 'Capacity/Size Rating', 'Grills BBQ Fire', 'Electricity Hookup', 'Water Hookup']"
494.0,"['Checkin Time', 'Checkout Time', 'Max Num of People', 'Max Num of Vehicles', 'Pets Allowed', 'Shade', 'Equipment Mandatory']"
16822.0,[]
263.0,"['Campfire Allowed', 'Checkin Time', 'Checkout Time', 'Driveway Entry', 'Driveway Surface', 'Max Num of People', 'Max Num of Vehicles', 'Max Vehicle Length', 'Pets Allowed', 'Shade', 'Placed on Map', 'Equipment Mandatory', 'Capacity/Size Rating', 'Site size']"
371.0,"['Checkin Time', 'Checkout Time', 'Max Num of People', 'Max Num of Vehicles', 'Pets Allowed', 'Placed on Map', 'Equipment Mandatory']"
2650.0,"['Campfire Allowed', 'Checkin Time', 'Checkout Time', 'Driveway Entry', 'Driveway Surface', 'Max Num of People', 'Max Num of Vehicles', 'Max Vehicle Length', 'Pets Allowed', 'Shade', 'Placed on Map', 'Equipment Mandatory', 'Site Access', 'Tent Pad Size', 'Min Num of People', 'Grills BBQ Fire', 'Tables', 'Tent Pad']"
1691.0,"['Campfire Allowed', 'Checkin Time', 'Checkout Time', 'Driveway Entry', 'Driveway Grade', 'Driveway Surface', 'Max Num of People', 'Max Num of Vehicles', 'Max Vehicle Length', 'Pets Allowed', 'Shade', 'Equipment Mandatory', 'Site Access', 'Min Num of People', 'Capacity/Size Rating', 'Min Num of Vehicles']"
1106.0,"['Checkin Time', 'Checkout Time', 'Driveway Entry', 'Driveway Grade', 'Max Num of People', 'Max Num of Vehicles', 'Max Vehicle Length', 'Pets Allowed', 'Placed on Map', 'Equipment Mandatory']"
2592.0,[]
2264.0,"['Campfire Allowed', 'Checkin Time', 'Checkout Time', 'Max Num of People', 'Max Num of Vehicles', 'Pets Allowed', 'Shade', 'Hike In Distance to Site', 'Food Locker', 'Min Num of People', 'Grills BBQ Fire', 'Tables', 'Tent Pad']"
315.0,"['Campfire Allowed', 'Checkin Time', 'Checkout Time', 'Driveway Entry', 'Driveway Surface', 'Max Num of People', 'Max Num of Vehicles', 'Max Vehicle Length', 'Pets Allowed', 'Shade', 'Placed on Map', 'Equipment Mandatory', 'Capacity/Size Rating', 'Site size', 'Double Driveway']"
441.0,"['Checkin Time', 'Checkout Time', 'Max Num of People', 'Max Num of Vehicles', 'Pets Allowed', 'Placed on Map', 'Equipment Mandatory']"
1074.0,"['Campfire Allowed', 'Checkin Time', 'Checkout Time', 'Max Num of People', 'Max Num of Vehicles', 'Pets Allowed', 'Placed on Map', 'Equipment Mandatory', 'Hike In Distance to Site', 'Site Access', 'Condition Rating']"
2734.0,"['Campfire Allowed', 'Checkin Time', 'Checkout Time', 'Driveway Entry', 'Driveway Surface', 'Max Num of People', 'Max Num of Vehicles', 'Max Vehicle Length', 'Pets Allowed', 'Shade', 'Equipment Mandatory', 'Site Access', 'Condition Rating', 'Site Rating', 'Min Num of People', 'Capacity/Size Rating', 'Grills BBQ Fire', 'Tables', 'Min Num of Vehicles', 'Drinking Water', 'Paved Parking', 'Interpretive Trails', 'Location Rating', 'Showers', 'Concessions Gifts', 'Emergency Phone', 'Entrance Station', 'Paved Roads', 'Ice', 'Toilets', 'Trailheads', 'Amphitheater', 'Firewood Vender', 'Laundry Facilities', 'Kennel', 'Wireless Internet', 'Cave Tours']"
405.0,"['Campfire Allowed', 'Checkin Time', 'Checkout Time', 'Driveway Entry', 'Driveway Grade', 'Driveway Surface', 'Max Num of People', 'Max Num of Vehicles', 'Max Vehicle Length', 'Pets Allowed', 'Placed on Map', 'Equipment Mandatory', 'Electricity Hookup', 'Water Hookup']"
578.0,[]
333.0,"['Campfire Allowed', 'Checkin Time', 'Checkout Time', 'Max Num of People', 'Max Num of Vehicles', 'Placed on Map', 'Equipment Mandatory', 'Site Access', 'Min Num of People', 'Grills BBQ Fire', 'Tables', 'Min Num of Vehicles']"
453.0,[]
386.0,"['Checkin Time', 'Checkout Time', 'Max Num of People', 'Max Num of Vehicles', 'Pets Allowed', 'Placed on Map', 'Equipment Mandatory']"
503.0,"['Checkin Time', 'Checkout Time', 'Placed on Map']"
510.0,"['Checkin Time', 'Checkout Time', 'Max Num of People', 'Max Num of Vehicles', 'Pets Allowed', 'Placed on Map', 'Equipment Mandatory']"
2818.0,"['Campfire Allowed', 'Checkin Time', 'Checkout Time', 'Driveway Entry', 'Driveway Surface', 'Max Num of People', 'Max Num of Vehicles', 'Pets Allowed', 'Shade', 'Equipment Mandatory', 'Site Access', 'Condition Rating', 'Min Num of People', 'Capacity/Size Rating', 'Grills BBQ Fire', 'Tables', 'Min Num of Vehicles', 'Drinking Water', 'Paved Parking', 'Location Rating', 'Showers', 'Concessions Gifts', 'Emergency Phone', 'Entrance Station', 'Paved Roads', 'Ice', 'Toilets', 'Trailheads', 'Amphitheater', 'Firewood Vender', 'Laundry Facilities', 'Kennel', 'Wireless Internet', 'Cave Tours', 'Visitor Center']"
499.0,"['Campfire Allowed', 'Checkin Time', 'Checkout Time', 'Driveway Entry', 'Driveway Grade', 'Driveway Surface', 'Max Num of People', 'Max Num of Vehicles', 'Max Vehicle Length', 'Pets Allowed', 'Shade', 'Placed on Map', 'Equipment Mandatory', 'Electricity Hookup', 'Water Hookup']"
507.0,"['Campfire Allowed', 'Checkin Time', 'Checkout Time', 'Driveway Entry', 'Driveway Grade', 'Driveway Surface', 'Max Num of People', 'Max Num of Vehicles', 'Max Vehicle Length', 'Pets Allowed', 'Placed on Map', 'Equipment Mandatory', 'Electricity Hookup', 'Water Hookup']"
497.0,"['Campfire Allowed', 'Checkin Time', 'Checkout Time', 'Driveway Entry', 'Driveway Grade', 'Driveway Surface', 'Max Num of People', 'Max Num of Vehicles', 'Max Vehicle Length', 'Pets Allowed', 'Placed on Map', 'Equipment Mandatory', 'Electricity Hookup', 'Water Hookup']"
485.0,"['Campfire Allowed', 'Checkin Time', 'Checkout Time', 'Driveway Entry', 'Driveway Grade', 'Driveway Surface', 'Max Num of People', 'Max Num of Vehicles', 'Max Vehicle Length', 'Pets Allowed', 'Proximity to Water', 'Placed on Map', 'Equipment Mandatory', 'Electricity Hookup', 'Water Hookup']"
1048.0,"['Campfire Allowed', 'Checkin Time', 'Checkout Time', 'Driveway Entry', 'Driveway Grade', 'Driveway Surface', 'Max Num of People', 'Max Num of Vehicles', 'Pets Allowed', 'Shade', 'Placed on Map', 'Equipment Mandatory']"
509.0,"['Campfire Allowed', 'Checkin Time', 'Checkout Time', 'Driveway Entry', 'Driveway Grade', 'Driveway Surface', 'Max Num of People', 'Max Num of Vehicles', 'Max Vehicle Length', 'Pets Allowed', 'Shade', 'Placed on Map', 'Equipment Mandatory', 'Electricity Hookup', 'Water Hookup']"
1055.0,"['Checkin Time', 'Checkout Time', 'Placed on Map', 'Food Locker', 'Generator Free']"
392.0,"['Campfire Allowed', 'Checkin Time', 'Checkout Time', 'Driveway Entry', 'Driveway Grade', 'Driveway Surface', 'Max Num of People', 'Max Num of Vehicles', 'Max Vehicle Length', 'Pets Allowed', 'Placed on Map', 'Equipment Mandatory', 'Electricity Hookup', 'Water Hookup']"
482.0,"['Campfire Allowed', 'Checkin Time', 'Checkout Time', 'Driveway Entry', 'Driveway Grade', 'Driveway Surface', 'Max Num of People', 'Max Num of Vehicles', 'Max Vehicle Length', 'Pets Allowed', 'Placed on Map', 'Equipment Mandatory', 'Electricity Hookup', 'Water Hookup']"
2949.0,"['Campfire Allowed', 'Checkin Time', 'Checkout Time', 'Driveway Entry', 'Driveway Surface', 'Max Num of People', 'Max Num of Vehicles', 'Max Vehicle Length', 'Shade', 'Placed on Map', 'Equipment Mandatory', 'Site Access', 'Tent Pad Size', 'Grills BBQ Fire', 'Tables', 'Tent Pad']"
1072.0,"['Campfire Allowed', 'Checkin Time', 'Checkout Time', 'Max Num of People', 'Max Num of Vehicles', 'Pets Allowed', 'Placed on Map', 'Equipment Mandatory', 'Hike In Distance to Site', 'Site Access', 'Tent Pad Size']"
479.0,[]
1692.0,"['Campfire Allowed', 'Checkin Time', 'Checkout Time', 'Driveway Entry', 'Driveway Surface', 'Max Num of People', 'Max Num of Vehicles', 'Max Vehicle Length', 'Pets Allowed', 'Shade', 'Equipment Mandatory', 'Site Access', 'Min Num of People', 'Capacity/Size Rating', 'Min Num of Vehicles']"
1826.0,"['Campfire Allowed', 'Checkin Time', 'Checkout Time', 'Max Num of People', 'Max Num of Vehicles', 'Pets Allowed', 'Shade', 'Equipment Mandatory', 'Hike In Distance to Site', 'Site Access', 'Condition Rating', 'Site Rating', 'Min Num of People', 'Capacity/Size Rating', 'Site size', 'Water Hookup', 'Min Num of Vehicles', 'Location Rating']"
274.0,"['Campfire Allowed', 'Checkin Time', 'Checkout Time', 'Driveway Entry', 'Driveway Surface', 'Max Num of People', 'Max Num of Vehicles', 'Max Vehicle Length', 'Pets Allowed', 'Placed on Map', 'Equipment Mandatory', 'Capacity/Size Rating', 'Site size', 'Double Driveway']"
460.0,"['Checkin Time', 'Checkout Time', 'Max Num of People', 'Max Num of Vehicles', 'Pets Allowed', 'Shade', 'Placed on Map', 'Equipment Mandatory']"
2641.0,"['Campfire Allowed', 'Checkin Time', 'Checkout Time', 'Driveway Entry', 'Driveway Grade', 'Driveway Surface', 'Max Num of People', 'Max Num of Vehicles', 'Max Vehicle Length', 'Pets Allowed', 'Shade', 'Placed on Map', 'Equipment Mandatory', 'Site Access', 'Tent Pad Size', 'Min Num of People', 'Grills BBQ Fire', 'Tables', 'Tent Pad']"
505.0,"['Campfire Allowed', 'Checkin Time', 'Checkout Time', 'Driveway Entry', 'Driveway Grade', 'Driveway Surface', 'Max Num of People', 'Max Num of Vehicles', 'Max Vehicle Length', 'Pets Allowed', 'Shade', 'Placed on Map', 'Equipment Mandatory', 'Electricity Hookup', 'Water Hookup']"
390.0,"['Checkin Time', 'Checkout Time', 'Max Num of People', 'Max Num of Vehicles', 'Pets Allowed', 'Shade', 'Placed on Map', 'Equipment Mandatory']"
515.0,"['Checkin Time', 'Checkout Time', 'Max Num of People', 'Max Num of Vehicles', 'Pets Allowed', 'Placed on Map', 'Equipment Mandatory']"
159.0,"['Campfire Allowed', 'Checkin Time', 'Checkout Time', 'Driveway Entry', 'Driveway Surface', 'Max Num of People', 'Max Num of Vehicles', 'Max Vehicle Length', 'Pets Allowed', 'Shade', 'Placed on Map', 'Equipment Mandatory', 'Capacity/Size Rating', 'Site size']"
2589.0,"['Campfire Allowed', 'Checkin Time', 'Checkout Time', 'Driveway Entry', 'Driveway Surface', 'Max Num of People', 'Max Num of Vehicles', 'Max Vehicle Length', 'Pets Allowed', 'Proximity to Water', 'Shade', 'Placed on Map', 'Equipment Mandatory', 'Site Access', 'Tent Pad Size', 'Min Num of People', 'Grills BBQ Fire', 'Tables', 'Tent Pad']"
122.0,"['Campfire Allowed', 'Checkin Time', 'Checkout Time', 'Driveway Entry', 'Driveway Surface', 'Max Num of People', 'Max Num of Vehicles', 'Max Vehicle Length', 'Pets Allowed', 'Shade', 'Placed on Map', 'Equipment Mandatory', 'Capacity/Size Rating', 'Site size']"
291.0,"['Campfire Allowed', 'Checkin Time', 'Checkout Time', 'Driveway Entry', 'Driveway Surface', 'Max Num of People', 'Max Num of Vehicles', 'Max Vehicle Length', 'Pets Allowed', 'Placed on Map', 'Equipment Mandatory', 'Capacity/Size Rating', 'Site size']"
1051.0,[]
2767.0,"['Campfire Allowed', 'Checkin Time', 'Checkout Time', 'Driveway Entry', 'Driveway Surface', 'Max Num of People', 'Max Num of Vehicles', 'Pets Allowed', 'Shade', 'Equipment Mandatory', 'Site Access', 'Condition Rating', 'Min Num of People', 'Capacity/Size Rating', 'Grills BBQ Fire', 'Tables', 'Min Num of Vehicles', 'Drinking Water', 'Paved Parking', 'Location Rating', 'Showers', 'Concessions Gifts', 'Emergency Phone', 'Entrance Station', 'Paved Roads', 'Ice', 'Toilets', 'Trailheads', 'Amphitheater', 'Firewood Vender', 'Laundry Facilities', 'Kennel', 'Wireless Internet', 'Cave Tours', 'Visitor Center']"
1825.0,"['Campfire Allowed', 'Checkin Time', 'Checkout Time', 'Max Num of People', 'Max Num of Vehicles', 'Pets Allowed', 'Shade', 'Equipment Mandatory', 'Hike In Distance to Site', 'Site Access', 'Min Num of People', 'Capacity/Size Rating', 'Site size', 'Min Num of Vehicles']"
25.0,"['Campfire Allowed', 'Checkin Time', 'Checkout Time', 'Driveway Entry', 'Driveway Grade', 'Driveway Surface', 'Max Num of People', 'Max Num of Vehicles', 'Pets Allowed', 'Shade', 'Placed on Map', 'Equipment Mandatory']"
2885.0,"['Campfire Allowed', 'Checkin Time', 'Checkout Time', 'Driveway Grade', 'Driveway Surface', 'Max Num of People', 'Max Num of Vehicles', 'Max Vehicle Length', 'Pets Allowed', 'Shade', 'Placed on Map', 'Equipment Mandatory', 'Site Access', 'Tent Pad Size', 'Min Num of People', 'Grills BBQ Fire', 'Tables', 'Tent Pad']"
261.0,"['Campfire Allowed', 'Checkin Time', 'Checkout Time', 'Driveway Entry', 'Driveway Surface', 'Max Num of People', 'Max Num of Vehicles', 'Max Vehicle Length', 'Pets Allowed', 'Shade', 'Placed on Map', 'Equipment Mandatory', 'Capacity/Size Rating', 'Site size']"
445.0,"['Campfire Allowed', 'Checkin Time', 'Checkout Time', 'Driveway Entry', 'Driveway Grade', 'Driveway Surface', 'Max Num of People', 'Max Num of Vehicles', 'Max Vehicle Length', 'Pets Allowed', 'Shade', 'Placed on Map', 'Equipment Mandatory', 'Electricity Hookup', 'Water Hookup']"
1110.0,"['Campfire Allowed', 'Checkin Time', 'Checkout Time', 'Driveway Entry', 'Driveway Grade', 'Max Num of People', 'Max Num of Vehicles', 'Max Vehicle Length', 'Pets Allowed', 'Shade', 'Placed on Map', 'Equipment Mandatory', 'Condition Rating']"
278.0,"['Campfire Allowed', 'Checkin Time', 'Checkout Time', 'Driveway Entry', 'Driveway Surface', 'Max Num of People', 'Max Num of Vehicles', 'Max Vehicle Length', 'Pets Allowed', 'Shade', 'Placed on Map', 'Equipment Mandatory', 'Capacity/Size Rating', 'Site size']"
511.0,"['Checkin Time', 'Checkout Time', 'Max Num of People', 'Max Num of Vehicles', 'Pets Allowed', 'Shade', 'Equipment Mandatory']"
437.0,"['Campfire Allowed', 'Checkin Time', 'Checkout Time', 'Driveway Entry', 'Driveway Grade', 'Driveway Surface', 'Max Num of People', 'Max Num of Vehicles', 'Max Vehicle Length', 'Pets Allowed', 'Placed on Map', 'Equipment Mandatory', 'Site size', 'Electricity Hookup', 'Water Hookup']"
2337.0,"['Campfire Allowed', 'Checkin Time', 'Checkout Time', 'Driveway Entry', 'Driveway Surface', 'Max Num of People', 'Max Num of Vehicles', 'Max Vehicle Length', 'Pets Allowed', 'Tent Pad Size', 'Food Locker', 'Min Num of People', 'Grills BBQ Fire', 'Tables', 'Tent Pad']"
27.0,"['Campfire Allowed', 'Checkin Time', 'Checkout Time', 'Driveway Grade', 'Driveway Surface', 'Max Num of People', 'Max Num of Vehicles', 'Pets Allowed', 'Placed on Map', 'Equipment Mandatory']"
452.0,"['Campfire Allowed', 'Checkin Time', 'Checkout Time', 'Driveway Entry', 'Driveway Grade', 'Driveway Surface', 'Max Num of People', 'Max Num of Vehicles', 'Max Vehicle Length', 'Pets Allowed', 'Placed on Map', 'Equipment Mandatory', 'Site size', 'Electricity Hookup', 'Water Hookup']"
1062.0,"['Campfire Allowed', 'Checkin Time', 'Checkout Time', 'Max Num of People', 'Max Num of Vehicles', 'Pets Allowed', 'Shade', 'Placed on Map', 'Equipment Mandatory', 'Hike In Distance to Site', 'Site Access']"
201.0,"['Campfire Allowed', 'Checkin Time', 'Checkout Time', 'Driveway Entry', 'Driveway Surface', 'Max Num of People', 'Max Num of Vehicles', 'Max Vehicle Length', 'Pets Allowed', 'Placed on Map', 'Equipment Mandatory', 'Capacity/Size Rating', 'Site size']"
249.0,"['Campfire Allowed', 'Checkin Time', 'Checkout Time', 'Driveway Entry', 'Driveway Surface', 'Max Num of People', 'Max Num of Vehicles', 'Max Vehicle Length', 'Pets Allowed', 'Placed on Map', 'Equipment Mandatory', 'Capacity/Size Rating', 'Site size', 'Double Driveway']"
443.0,"['Campfire Allowed', 'Checkin Time', 'Checkout Time', 'Driveway Entry', 'Driveway Grade', 'Driveway Surface', 'Max Num of People', 'Max Num of Vehicles', 'Max Vehicle Length', 'Pets Allowed', 'Shade', 'Placed on Map', 'Equipment Mandatory', 'Electricity Hookup', 'Water Hookup']"
2602.0,"['Campfire Allowed', 'Checkin Time', 'Checkout Time', 'Driveway Entry', 'Driveway Grade', 'Driveway Surface', 'Max Num of People', 'Max Num of Vehicles', 'Max Vehicle Length', 'Pets Allowed', 'Shade', 'Equipment Mandatory', 'Site Access', 'Tent Pad Size', 'Min Num of People', 'Accessibility', 'Grills BBQ Fire', 'Tables', 'Tent Pad']"
384.0,"['Checkin Time', 'Checkout Time', 'Max Num of People', 'Max Num of Vehicles', 'Pets Allowed', 'Placed on Map', 'Equipment Mandatory']"
288.0,"['Campfire Allowed', 'Checkin Time', 'Checkout Time', 'Driveway Entry', 'Driveway Surface', 'Max Num of People', 'Max Num of Vehicles', 'Max Vehicle Length', 'Pets Allowed', 'Shade', 'Placed on Map', 'Equipment Mandatory', 'Capacity/Size Rating', 'Site size']"
541.0,"['Campfire Allowed', 'Checkin Time', 'Checkout Time', 'Driveway Entry', 'Driveway Grade', 'Driveway Surface', 'Max Num of People', 'Max Num of Vehicles', 'Pets Allowed', 'Shade', 'Placed on Map', 'Equipment Mandatory']"
1082.0,"['Campfire Allowed', 'Checkin Time', 'Checkout Time', 'Max Num of People', 'Max Num of Vehicles', 'Pets Allowed', 'Shade', 'Placed on Map', 'Equipment Mandatory', 'Hike In Distance to Site', 'Site Access']"
514.0,[]
1095.0,"['Campfire Allowed', 'Checkin Time', 'Checkout Time', 'Driveway Entry', 'Driveway Grade', 'Max Num of People', 'Max Num of Vehicles', 'Max Vehicle Length', 'Pets Allowed', 'Placed on Map', 'Equipment Mandatory']"
2630.0,"['Campfire Allowed', 'Checkin Time', 'Checkout Time', 'Driveway Entry', 'Driveway Surface', 'Max Num of People', 'Max Num of Vehicles', 'Max Vehicle Length', 'Pets Allowed', 'Shade', 'Placed on Map', 'Equipment Mandatory', 'Site Access', 'Tent Pad Size', 'Min Num of People', 'Grills BBQ Fire', 'Tables', 'Tent Pad']"
290.0,"['Campfire Allowed', 'Checkin Time', 'Checkout Time', 'Driveway Entry', 'Driveway Surface', 'Max Num of People', 'Max Num of Vehicles', 'Max Vehicle Length', 'Pets Allowed', 'Placed on Map', 'Equipment Mandatory', 'Capacity/Size Rating', 'Site size']"
1017.0,"['Campfire Allowed', 'Checkin Time', 'Checkout Time', 'Max Num of People', 'Max Num of Vehicles', 'Pets Allowed', 'Shade', 'Placed on Map', 'Equipment Mandatory', 'Hike In Distance to Site', 'Site Access']"
1031.0,[]
321.0,"['Campfire Allowed', 'Checkin Time', 'Checkout Time', 'Driveway Entry', 'Driveway Surface', 'Max Num of People', 'Max Num of Vehicles', 'Max Vehicle Length', 'Pets Allowed', 'Shade', 'Placed on Map', 'Equipment Mandatory', 'Capacity/Size Rating', 'Site size']"
1049.0,"['Campfire Allowed', 'Checkin Time', 'Checkout Time', 'Driveway Entry', 'Driveway Grade', 'Max Num of People', 'Max Num of Vehicles', 'Max Vehicle Length', 'Pets Allowed', 'Placed on Map', 'Equipment Mandatory', 'Tent Pad Size']"
566.0,"['Campfire Allowed', 'Checkin Time', 'Checkout Time', 'Driveway Entry', 'Driveway Surface', 'Max Num of People', 'Max Num of Vehicles', 'Max Vehicle Length', 'Pets Allowed', 'Placed on Map', 'Equipment Mandatory']"
383.0,"['Campfire Allowed', 'Checkin Time', 'Checkout Time', 'Driveway Entry', 'Driveway Grade', 'Driveway Surface', 'Max Num of People', 'Max Num of Vehicles', 'Max Vehicle Length', 'Pets Allowed', 'Placed on Map', 'Equipment Mandatory', 'Electricity Hookup', 'Water Hookup']"
2896.0,"['Campfire Allowed', 'Checkin Time', 'Checkout Time', 'Driveway Entry', 'Driveway Grade', 'Driveway Surface', 'Max Num of People', 'Max Num of Vehicles', 'Max Vehicle Length', 'Pets Allowed', 'Shade', 'Placed on Map', 'Equipment Mandatory', 'Site Access', 'Tent Pad Size', 'Min Num of People', 'Grills BBQ Fire', 'Tables', 'Tent Pad']"
1092.0,"['Campfire Allowed', 'Checkin Time', 'Checkout Time', 'Max Num of People', 'Max Num of Vehicles', 'Pets Allowed', 'Shade', 'Placed on Map', 'Equipment Mandatory', 'Hike In Distance to Site', 'Site Access', 'Condition Rating']"
2584.0,"['Campfire Allowed', 'Checkin Time', 'Checkout Time', 'Driveway Grade', 'Driveway Surface', 'Max Num of People', 'Max Num of Vehicles', 'Max Vehicle Length', 'Pets Allowed', 'Shade', 'Placed on Map', 'Equipment Mandatory', 'Site Access', 'Tent Pad Size', 'Min Num of People', 'Grills BBQ Fire', 'Tables', 'Tent Pad']"
2664.0,"['Campfire Allowed', 'Checkin Time', 'Checkout Time', 'Driveway Entry', 'Driveway Surface', 'Max Num of People', 'Max Num of Vehicles', 'Max Vehicle Length', 'Pets Allowed', 'Shade', 'Placed on Map', 'Equipment Mandatory', 'Site Access', 'Tent Pad Size', 'Min Num of People', 'Grills BBQ Fire', 'Tables', 'Tent Pad']"
272.0,"['Campfire Allowed', 'Checkin Time', 'Checkout Time', 'Driveway Entry', 'Driveway Surface', 'Max Num of People', 'Max Num of Vehicles', 'Max Vehicle Length', 'Pets Allowed', 'Shade', 'Placed on Map', 'Equipment Mandatory', 'Capacity/Size Rating', 'Site size']"
362.0,"['Checkin Time', 'Checkout Time', 'Max Num of People', 'Max Num of Vehicles', 'Pets Allowed', 'Placed on Map', 'Equipment Mandatory']"
549.0,"['Campfire Allowed', 'Checkin Time', 'Checkout Time', 'Driveway Entry', 'Driveway Grade', 'Driveway Surface', 'Max Num of People', 'Max Num of Vehicles', 'Max Vehicle Length', 'Pets Allowed', 'Shade', 'Placed on Map', 'Equipment Mandatory', 'Hike In Distance to Site']"
232.0,"['Campfire Allowed', 'Checkin Time', 'Checkout Time', 'Driveway Entry', 'Max Num of People', 'Max Num of Vehicles', 'Max Vehicle Length', 'Pets Allowed', 'Placed on Map', 'Equipment Mandatory', 'Capacity/Size Rating', 'Site size']"
2593.0,"['Campfire Allowed', 'Checkin Time', 'Checkout Time', 'Driveway Surface', 'Max Num of People', 'Max Num of Vehicles', 'Max Vehicle Length', 'Pets Allowed', 'Proximity to Water', 'Shade', 'Placed on Map', 'Equipment Mandatory', 'Site Access', 'Tent Pad Size', 'Min Num of People', 'Grills BBQ Fire', 'Tables', 'Tent Pad']"
1094.0,"['Campfire Allowed', 'Checkin Time', 'Checkout Time', 'Max Num of People', 'Max Num of Vehicles', 'Pets Allowed', 'Shade', 'Placed on Map', 'Equipment Mandatory', 'Hike In Distance to Site', 'Site Access']"
1027.0,"['Checkin Time', 'Checkout Time', 'Placed on Map', 'Food Locker', 'Generator Free']"
2628.0,"['Campfire Allowed', 'Checkin Time', 'Checkout Time', 'Driveway Entry', 'Driveway Grade', 'Driveway Surface', 'Max Num of People', 'Max Num of Vehicles', 'Max Vehicle Length', 'Pets Allowed', 'Shade', 'Placed on Map', 'Equipment Mandatory', 'Site Access', 'Tent Pad Size', 'Min Num of People', 'Grills BBQ Fire', 'Tables', 'Tent Pad']"
241.0,"['Campfire Allowed', 'Checkin Time', 'Checkout Time', 'Driveway Entry', 'Driveway Surface', 'Max Num of People', 'Max Num of Vehicles', 'Max Vehicle Length', 'Pets Allowed', 'Shade', 'Placed on Map', 'Equipment Mandatory', 'Capacity/Size Rating', 'Site size']"
2629.0,"['Campfire Allowed', 'Checkin Time', 'Checkout Time', 'Driveway Entry', 'Driveway Surface', 'Max Num of People', 'Max Num of Vehicles', 'Max Vehicle Length', 'Pets Allowed', 'Shade', 'Placed on Map', 'Equipment Mandatory', 'Site Access', 'Tent Pad Size', 'Min Num of People', 'Grills BBQ Fire', 'Tables', 'Tent Pad']"
502.0,[]
1029.0,"['Campfire Allowed', 'Checkin Time', 'Checkout Time', 'Driveway Entry', 'Driveway Grade', 'Max Num of People', 'Max Num of Vehicles', 'Max Vehicle Length', 'Pets Allowed', 'Placed on Map', 'Equipment Mandatory']"
492.0,"['Campfire Allowed', 'Checkin Time', 'Checkout Time', 'Driveway Entry', 'Driveway Surface', 'Max Num of People', 'Max Num of Vehicles', 'Max Vehicle Length', 'Pets Allowed', 'Shade', 'Placed on Map', 'Equipment Mandatory', 'Electricity Hookup', 'Water Hookup']"
407.0,"['Checkin Time', 'Checkout Time', 'Driveway Entry', 'Driveway Grade', 'Driveway Surface', 'Max Num of People', 'Max Num of Vehicles', 'Max Vehicle Length', 'Pets Allowed', 'Placed on Map', 'Equipment Mandatory', 'Electricity Hookup', 'Water Hookup']"
554.0,"['Campfire Allowed', 'Checkin Time', 'Checkout Time', 'Driveway Entry', 'Driveway Grade', 'Driveway Surface', 'Max Num of People', 'Max Num of Vehicles', 'Max Vehicle Length', 'Pets Allowed', 'Placed on Map', 'Equipment Mandatory']"
1030.0,"['Checkin Time', 'Checkout Time', 'Placed on Map', 'Food Locker', 'Generator Free']"
264.0,"['Campfire Allowed', 'Checkin Time', 'Checkout Time', 'Driveway Entry', 'Driveway Surface', 'Max Num of People', 'Max Num of Vehicles', 'Max Vehicle Length', 'Pets Allowed', 'Shade', 'Placed on Map', 'Equipment Mandatory', 'Capacity/Size Rating', 'Site size']"
2621.0,"['Campfire Allowed', 'Checkin Time', 'Checkout Time', 'Driveway Entry', 'Driveway Surface', 'Max Num of People', 'Max Num of Vehicles', 'Max Vehicle Length', 'Pets Allowed', 'Shade', 'Placed on Map', 'Equipment Mandatory', 'Site Access', 'Tent Pad Size', 'Min Num of People', 'Grills BBQ Fire', 'Tables', 'Tent Pad']"
540.0,"['Campfire Allowed', 'Checkin Time', 'Checkout Time', 'Driveway Entry', 'Driveway Surface', 'Max Num of People', 'Max Num of Vehicles', 'Max Vehicle Length', 'Pets Allowed', 'Proximity to Water', 'Shade', 'Placed on Map', 'Equipment Mandatory', 'Hike In Distance to Site']"
532.0,"['Campfire Allowed', 'Checkin Time', 'Checkout Time', 'Max Num of People', 'Max Num of Vehicles', 'Max Vehicle Length', 'Placed on Map', 'Equipment Mandatory', 'Hike In Distance to Site', 'Site Access', 'Water Hookup']"
282.0,"['Campfire Allowed', 'Checkin Time', 'Checkout Time', 'Driveway Entry', 'Driveway Surface', 'Max Num of People', 'Max Num of Vehicles', 'Max Vehicle Length', 'Pets Allowed', 'Shade', 'Placed on Map', 'Equipment Mandatory', 'Capacity/Size Rating', 'Site size']"
1066.0,"['Campfire Allowed', 'Checkin Time', 'Checkout Time', 'Driveway Entry', 'Driveway Grade', 'Max Num of People', 'Max Num of Vehicles', 'Max Vehicle Length', 'Pets Allowed', 'Placed on Map', 'Equipment Mandatory', 'Condition Rating', 'Site Rating']"
412.0,"['Campfire Allowed', 'Checkin Time', 'Checkout Time', 'Driveway Entry', 'Driveway Grade', 'Driveway Surface', 'Max Num of People', 'Max Num of Vehicles', 'Max Vehicle Length', 'Pets Allowed', 'Shade', 'Placed on Map', 'Equipment Mandatory', 'Site size', 'Electricity Hookup', 'Water Hookup']"
504.0,"['Checkin Time', 'Checkout Time', 'Placed on Map', 'Food Locker', 'Generator Free']"
546.0,"['Campfire Allowed', 'Checkin Time', 'Checkout Time', 'Driveway Surface', 'Max Num of People', 'Max Num of Vehicles', 'Max Vehicle Length', 'Proximity to Water', 'Placed on Map', 'Equipment Mandatory', 'Min Num of People']"
2651.0,[]
480.0,[]
1057.0,"['Campfire Allowed', 'Checkin Time', 'Checkout Time', 'Max Num of People', 'Max Num of Vehicles', 'Pets Allowed', 'Shade', 'Placed on Map', 'Equipment Mandatory', 'Hike In Distance to Site', 'Site Access']"
473.0,"['Campfire Allowed', 'Checkin Time', 'Checkout Time', 'Driveway Entry', 'Driveway Grade', 'Driveway Surface', 'Max Num of People', 'Max Num of Vehicles', 'Max Vehicle Length', 'Pets Allowed', 'Placed on Map', 'Equipment Mandatory', 'Electricity Hookup', 'Water Hookup']"
1117.0,"['Campfire Allowed', 'Checkin Time', 'Checkout Time', 'Driveway Entry', 'Driveway Grade', 'Max Num of People', 'Max Num of Vehicles', 'Max Vehicle Length', 'Pets Allowed', 'Placed on Map', 'Equipment Mandatory', 'Condition Rating']"
184.0,"['Campfire Allowed', 'Checkin Time', 'Checkout Time', 'Driveway Entry', 'Driveway Surface', 'Max Num of People', 'Max Num of Vehicles', 'Max Vehicle Length', 'Pets Allowed', 'Placed on Map', 'Equipment Mandatory', 'Capacity/Size Rating', 'Site size']"
448.0,"['Checkin Time', 'Checkout Time', 'Max Num of People', 'Max Num of Vehicles', 'Pets Allowed', 'Shade', 'Placed on Map', 'Equipment Mandatory']"
10011715.0,[]
255.0,"['Campfire Allowed', 'Checkin Time', 'Checkout Time', 'Driveway Entry', 'Driveway Surface', 'Max Num of People', 'Max Num of Vehicles', 'Max Vehicle Length', 'Pets Allowed', 'Shade', 'Placed on Map', 'Equipment Mandatory', 'Capacity/Size Rating', 'Site size', 'Double Driveway']"
1050.0,"['Checkin Time', 'Checkout Time', 'Placed on Map', 'Food Locker', 'Generator Free']"
1035.0,[]
501.0,"['Campfire Allowed', 'Checkin Time', 'Checkout Time', 'Driveway Entry', 'Driveway Grade', 'Max Num of People', 'Max Num of Vehicles', 'Max Vehicle Length', 'Pets Allowed', 'Placed on Map', 'Equipment Mandatory', 'Electricity Hookup', 'Water Hookup']"
1101.0,"['Campfire Allowed', 'Checkin Time', 'Checkout Time', 'Max Num of People', 'Max Num of Vehicles', 'Pets Allowed', 'Shade', 'Placed on Map', 'Equipment Mandatory', 'Hike In Distance to Site', 'Site Access']"
1088.0,"['Campfire Allowed', 'Checkin Time', 'Checkout Time', 'Driveway Entry', 'Driveway Grade', 'Max Num of People', 'Max Num of Vehicles', 'Max Vehicle Length', 'Pets Allowed', 'Placed on Map', 'Equipment Mandatory']"
1068.0,[]
581.0,"['Campfire Allowed', 'Checkin Time', 'Checkout Time', 'Driveway Entry', 'Driveway Surface', 'Max Num of People', 'Max Num of Vehicles', 'Max Vehicle Length', 'Pets Allowed', 'Proximity to Water', 'Placed on Map', 'Equipment Mandatory', 'Capacity/Size Rating', 'Site size']"
2718.0,"['Checkin Time', 'Checkout Time', 'Driveway Entry', 'Driveway Grade', 'Driveway Surface', 'Max Num of People', 'Max Num of Vehicles', 'Max Vehicle Length', 'Shade', 'Equipment Mandatory', 'Site Access', 'Tent Pad Size']"
1104.0,[]
146.0,"['Campfire Allowed', 'Checkin Time', 'Checkout Time', 'Driveway Entry', 'Driveway Grade', 'Driveway Surface', 'Max Num of People', 'Max Num of Vehicles', 'Max Vehicle Length', 'Pets Allowed', 'Shade', 'Placed on Map', 'Equipment Mandatory', 'Capacity/Size Rating', 'Site size']"
1063.0,"['Campfire Allowed', 'Checkin Time', 'Checkout Time', 'Max Num of People', 'Max Num of Vehicles', 'Pets Allowed', 'Shade', 'Placed on Map', 'Equipment Mandatory', 'Hike In Distance to Site', 'Site Access']"
334.0,"['Campfire Allowed', 'Checkin Time', 'Checkout Time', 'Max Num of People', 'Max Num of Vehicles', 'Placed on Map', 'Equipment Mandatory', 'Site Access', 'Min Num of People', 'Grills BBQ Fire', 'Tables', 'Min Num of Vehicles']"
478.0,[]
533.0,"['Campfire Allowed', 'Checkin Time', 'Checkout Time', 'Max Num of People', 'Max Num of Vehicles', 'Max Vehicle Length', 'Placed on Map', 'Equipment Mandatory', 'Hike In Distance to Site', 'Site Access', 'Water Hookup']"
2644.0,"['Campfire Allowed', 'Checkin Time', 'Checkout Time', 'Driveway Entry', 'Driveway Surface', 'Max Num of People', 'Max Num of Vehicles', 'Max Vehicle Length', 'Pets Allowed', 'Shade', 'Placed on Map', 'Equipment Mandatory', 'Site Access', 'Tent Pad Size', 'Min Num of People', 'Grills BBQ Fire', 'Tables', 'Tent Pad']"
481.0,"['Campfire Allowed', 'Checkin Time', 'Checkout Time', 'Driveway Entry', 'Driveway Grade', 'Driveway Surface', 'Max Num of People', 'Max Num of Vehicles', 'Max Vehicle Length', 'Pets Allowed', 'Shade', 'Placed on Map', 'Equipment Mandatory', 'Electricity Hookup', 'Water Hookup']"
1053.0,"['Campfire Allowed', 'Checkin Time', 'Checkout Time', 'Max Num of People', 'Max Num of Vehicles', 'Pets Allowed', 'Shade', 'Placed on Map', 'Equipment Mandatory', 'Hike In Distance to Site', 'Site Access']"
172.0,"['Campfire Allowed', 'Checkin Time', 'Checkout Time', 'Driveway Entry', 'Driveway Surface', 'Max Num of People', 'Max Num of Vehicles', 'Max Vehicle Length', 'Pets Allowed', 'Placed on Map', 'Equipment Mandatory', 'Capacity/Size Rating', 'Site size']"
147.0,"['Campfire Allowed', 'Checkin Time', 'Checkout Time', 'Driveway Entry', 'Max Num of People', 'Max Num of Vehicles', 'Max Vehicle Length', 'Pets Allowed', 'Shade', 'Placed on Map', 'Equipment Mandatory', 'Capacity/Size Rating', 'Site size', 'Double Driveway']"
568.0,"['Campfire Allowed', 'Checkin Time', 'Checkout Time', 'Driveway Entry', 'Driveway Grade', 'Driveway Surface', 'Max Num of People', 'Max Num of Vehicles', 'Max Vehicle Length', 'Pets Allowed', 'Shade', 'Placed on Map', 'Equipment Mandatory']"
2586.0,"['Campfire Allowed', 'Checkin Time', 'Checkout Time', 'Driveway Entry', 'Driveway Grade', 'Driveway Surface', 'Max Num of People', 'Max Num of Vehicles', 'Max Vehicle Length', 'Pets Allowed', 'Shade', 'Placed on Map', 'Equipment Mandatory', 'Site Access', 'Tent Pad Size', 'Min Num of People', 'Grills BBQ Fire', 'Tables', 'Tent Pad']"
529.0,"['Campfire Allowed', 'Checkin Time', 'Checkout Time', 'Max Num of People', 'Max Num of Vehicles', 'Max Vehicle Length', 'Placed on Map', 'Equipment Mandatory', 'Hike In Distance to Site', 'Site Access', 'Water Hookup']"
1085.0,"['Campfire Allowed', 'Checkin Time', 'Checkout Time', 'Max Num of People', 'Max Num of Vehicles', 'Pets Allowed', 'Placed on Map', 'Equipment Mandatory']"
13553.0,"['Campfire Allowed', 'Checkin Time', 'Checkout Time', 'Driveway Entry', 'Driveway Surface', 'Max Num of People', 'Max Num of Vehicles', 'Max Vehicle Length', 'Pets Allowed', 'Shade', 'Placed on Map', 'Equipment Mandatory', 'Min Num of People', 'Capacity/Size Rating', 'Grills BBQ Fire', 'Electricity Hookup', 'Water Hookup']"
2336.0,"['Campfire Allowed', 'Checkin Time', 'Checkout Time', 'Max Num of People', 'Max Num of Vehicles', 'Pets Allowed', 'Shade', 'Hike In Distance to Site', 'Food Locker', 'Min Num of People', 'Grills BBQ Fire', 'Tables', 'Tent Pad']"
2571.0,"['Campfire Allowed', 'Checkin Time', 'Checkout Time', 'Driveway Entry', 'Driveway Surface', 'Max Num of People', 'Max Num of Vehicles', 'Max Vehicle Length', 'Pets Allowed', 'Placed on Map', 'Equipment Mandatory', 'Site Access', 'Tent Pad Size', 'Capacity/Size Rating', 'Grills BBQ Fire', 'Tables', 'Quiet Area']"
276.0,"['Campfire Allowed', 'Checkin Time', 'Checkout Time', 'Driveway Entry', 'Driveway Surface', 'Max Num of People', 'Max Num of Vehicles', 'Max Vehicle Length', 'Pets Allowed', 'Shade', 'Placed on Map', 'Equipment Mandatory', 'Capacity/Size Rating', 'Site size']"
1093.0,"['Campfire Allowed', 'Checkin Time', 'Checkout Time', 'Driveway Entry', 'Driveway Grade', 'Driveway Surface', 'Max Num of People', 'Max Num of Vehicles', 'Pets Allowed', 'Shade', 'Placed on Map', 'Equipment Mandatory']"
266.0,"['Campfire Allowed', 'Checkin Time', 'Checkout Time', 'Driveway Entry', 'Driveway Surface', 'Max Num of People', 'Max Num of Vehicles', 'Max Vehicle Length', 'Pets Allowed', 'Placed on Map', 'Equipment Mandatory', 'Capacity/Size Rating', 'Site size']"
15160.0,"['Campfire Allowed', 'Driveway Surface', 'Max Num of Vehicles', 'Max Vehicle Length', 'Placed on Map', 'Grills BBQ Fire', 'Tables', 'Min Num of Vehicles', 'Drinking Water', 'Paved Parking', 'Interpretive Trails', 'Paved Pathways']"
162.0,"['Campfire Allowed', 'Checkin Time', 'Checkout Time', 'Driveway Entry', 'Driveway Surface', 'Max Num of People', 'Max Num of Vehicles', 'Max Vehicle Length', 'Pets Allowed', 'Shade', 'Placed on Map', 'Equipment Mandatory', 'Capacity/Size Rating', 'Site size']"
1114.0,"['Campfire Allowed', 'Checkin Time', 'Checkout Time', 'Driveway Entry', 'Driveway Grade', 'Max Num of People', 'Max Num of Vehicles', 'Max Vehicle Length', 'Pets Allowed', 'Shade', 'Placed on Map', 'Equipment Mandatory', 'Condition Rating']"
1040.0,"['Campfire Allowed', 'Checkin Time', 'Checkout Time', 'Max Num of People', 'Max Num of Vehicles', 'Pets Allowed', 'Shade', 'Placed on Map', 'Equipment Mandatory', 'Hike In Distance to Site', 'Site Access']"
1061.0,"['Campfire Allowed', 'Checkin Time', 'Checkout Time', 'Max Num of People', 'Max Num of Vehicles', 'Pets Allowed', 'Shade', 'Placed on Map', 'Equipment Mandatory', 'Hike In Distance to Site', 'Site Access']"
1073.0,"['Campfire Allowed', 'Checkin Time', 'Checkout Time', 'Max Num of People', 'Max Num of Vehicles', 'Pets Allowed', 'Shade', 'Placed on Map', 'Equipment Mandatory', 'Hike In Distance to Site', 'Site Access', 'Tent Pad Size']"
271.0,"['Campfire Allowed', 'Checkin Time', 'Checkout Time', 'Driveway Entry', 'Driveway Grade', 'Driveway Surface', 'Max Num of People', 'Max Num of Vehicles', 'Max Vehicle Length', 'Pets Allowed', 'Shade', 'Placed on Map', 'Equipment Mandatory', 'Capacity/Size Rating', 'Site size']"
1118.0,"['Campfire Allowed', 'Checkin Time', 'Checkout Time', 'Driveway Entry', 'Driveway Grade', 'Max Num of People', 'Max Num of Vehicles', 'Pets Allowed', 'Shade', 'Equipment Mandatory', 'Site Rating']"
151.0,"['Campfire Allowed', 'Checkin Time', 'Checkout Time', 'Driveway Entry', 'Driveway Surface', 'Max Num of People', 'Max Num of Vehicles', 'Max Vehicle Length', 'Pets Allowed', 'Shade', 'Placed on Map', 'Equipment Mandatory', 'Capacity/Size Rating', 'Site size']"
2613.0,"['Campfire Allowed', 'Checkin Time', 'Checkout Time', 'Driveway Entry', 'Driveway Grade', 'Driveway Surface', 'Max Num of People', 'Max Num of Vehicles', 'Max Vehicle Length', 'Pets Allowed', 'Shade', 'Placed on Map', 'Equipment Mandatory', 'Site Access', 'Min Num of People', 'Grills BBQ Fire', 'Tables', 'Tent Pad']"
236.0,"['Campfire Allowed', 'Checkin Time', 'Checkout Time', 'Driveway Entry', 'Driveway Surface', 'Max Num of People', 'Max Num of Vehicles', 'Max Vehicle Length', 'Pets Allowed', 'Placed on Map', 'Equipment Mandatory', 'Capacity/Size Rating', 'Site size']"
1081.0,"['Checkin Time', 'Checkout Time', 'Max Num of People', 'Max Num of Vehicles', 'Pets Allowed', 'Shade', 'Placed on Map', 'Equipment Mandatory', 'Hike In Distance to Site', 'Site Access']"
543.0,"['Campfire Allowed', 'Checkin Time', 'Checkout Time', 'Driveway Entry', 'Driveway Surface', 'Max Num of People', 'Max Num of Vehicles', 'Max Vehicle Length', 'Pets Allowed', 'Proximity to Water', 'Shade', 'Placed on Map', 'Equipment Mandatory']"
150.0,"['Campfire Allowed', 'Checkin Time', 'Checkout Time', 'Driveway Entry', 'Driveway Grade', 'Driveway Surface', 'Max Num of People', 'Max Num of Vehicles', 'Max Vehicle Length', 'Pets Allowed', 'Placed on Map', 'Equipment Mandatory', 'Capacity/Size Rating', 'Site size']"
1090.0,"['Campfire Allowed', 'Checkin Time', 'Checkout Time', 'Max Num of People', 'Max Num of Vehicles', 'Pets Allowed', 'Shade', 'Placed on Map', 'Equipment Mandatory', 'Hike In Distance to Site', 'Site Access', 'Condition Rating', 'Tent Pad Size']"
508.0,"['Campfire Allowed', 'Checkin Time', 'Checkout Time', 'Driveway Entry', 'Driveway Grade', 'Driveway Surface', 'Max Num of People', 'Max Num of Vehicles', 'Max Vehicle Length', 'Pets Allowed', 'Shade', 'Placed on Map', 'Equipment Mandatory', 'Electricity Hookup', 'Water Hookup', 'Double Driveway']"
1096.0,[]
1120.0,[]
130.0,"['Campfire Allowed', 'Checkin Time', 'Checkout Time', 'Driveway Entry', 'Driveway Surface', 'Max Num of People', 'Max Num of Vehicles', 'Max Vehicle Length', 'Pets Allowed', 'Placed on Map', 'Equipment Mandatory', 'Capacity/Size Rating', 'Site size']"
292.0,"['Campfire Allowed', 'Checkin Time', 'Checkout Time', 'Driveway Entry', 'Driveway Surface', 'Max Num of People', 'Max Num of Vehicles', 'Max Vehicle Length', 'Pets Allowed', 'Shade', 'Placed on Map', 'Equipment Mandatory', 'Capacity/Size Rating', 'Site size']"
1047.0,"['Campfire Allowed', 'Checkin Time', 'Checkout Time', 'Driveway Grade', 'Max Num of People', 'Max Num of Vehicles', 'Pets Allowed', 'Shade', 'Placed on Map', 'Equipment Mandatory', 'Hike In Distance to Site', 'Site Access']"
152.0,"['Campfire Allowed', 'Checkin Time', 'Checkout Time', 'Driveway Entry', 'Driveway Grade', 'Driveway Surface', 'Max Num of People', 'Max Num of Vehicles', 'Max Vehicle Length', 'Pets Allowed', 'Shade', 'Placed on Map', 'Equipment Mandatory', 'Min Num of People', 'Capacity/Size Rating', 'Site size']"
267.0,"['Campfire Allowed', 'Checkin Time', 'Checkout Time', 'Driveway Entry', 'Driveway Surface', 'Max Num of People', 'Max Num of Vehicles', 'Max Vehicle Length', 'Pets Allowed', 'Placed on Map', 'Equipment Mandatory', 'Capacity/Size Rating', 'Site size', 'Double Driveway']"
1083.0,"['Campfire Allowed', 'Checkin Time', 'Checkout Time', 'Max Num of People', 'Max Num of Vehicles', 'Pets Allowed', 'Shade', 'Placed on Map', 'Equipment Mandatory', 'Hike In Distance to Site', 'Site Access']"
498.0,"['Checkin Time', 'Checkout Time', 'Max Num of People', 'Max Num of Vehicles', 'Pets Allowed', 'Shade', 'Placed on Map', 'Equipment Mandatory']"
2850.0,"['Campfire Allowed', 'Checkin Time', 'Checkout Time', 'Driveway Entry', 'Driveway Surface', 'Max Num of People', 'Max Num of Vehicles', 'Max Vehicle Length', 'Pets Allowed', 'Shade', 'Site Access', 'Condition Rating', 'Min Num of People', 'Capacity/Size Rating', 'Grills BBQ Fire', 'Tables', 'Min Num of Vehicles', 'Drinking Water', 'Paved Parking', 'Location Rating', 'Showers', 'Concessions Gifts', 'Emergency Phone', 'Entrance Station', 'Paved Roads', 'Ice', 'Toilets', 'Trailheads', 'Amphitheater', 'Firewood Vender', 'Laundry Facilities', 'Kennel', 'Wireless Internet', 'Cave Tours', 'Visitor Center']"
531.0,"['Campfire Allowed', 'Checkin Time', 'Checkout Time', 'Max Num of People', 'Max Num of Vehicles', 'Max Vehicle Length', 'Placed on Map', 'Equipment Mandatory', 'Site Access', 'Water Hookup']"
557.0,"['Campfire Allowed', 'Checkin Time', 'Checkout Time', 'Driveway Entry', 'Driveway Surface', 'Max Num of People', 'Max Num of Vehicles', 'Max Vehicle Length', 'Pets Allowed', 'Shade', 'Placed on Map', 'Equipment Mandatory']"
1108.0,"['Campfire Allowed', 'Checkin Time', 'Checkout Time', 'Max Num of People', 'Max Num of Vehicles', 'Pets Allowed', 'Shade', 'Placed on Map', 'Equipment Mandatory', 'Hike In Distance to Site', 'Site Access', 'Tent Pad Size', 'Min Num of People']"
565.0,"['Campfire Allowed', 'Checkin Time', 'Checkout Time', 'Driveway Entry', 'Driveway Surface', 'Max Num of People', 'Max Num of Vehicles', 'Max Vehicle Length', 'Pets Allowed', 'Shade', 'Placed on Map', 'Equipment Mandatory']"
1011.0,"['Campfire Allowed', 'Checkin Time', 'Checkout Time', 'Max Num of People', 'Max Num of Vehicles', 'Pets Allowed', 'Shade', 'Placed on Map', 'Equipment Mandatory', 'Hike In Distance to Site', 'Site Access']"
571.0,"['Campfire Allowed', 'Checkin Time', 'Checkout Time', 'Driveway Entry', 'Driveway Surface', 'Max Num of People', 'Max Num of Vehicles', 'Max Vehicle Length', 'Pets Allowed', 'Shade', 'Placed on Map', 'Equipment Mandatory']"
573.0,"['Campfire Allowed', 'Checkin Time', 'Checkout Time', 'Driveway Entry', 'Driveway Surface', 'Max Num of People', 'Max Num of Vehicles', 'Max Vehicle Length', 'Pets Allowed', 'Placed on Map', 'Equipment Mandatory']"
1024.0,[]
2616.0,"['Campfire Allowed', 'Checkin Time', 'Checkout Time', 'Driveway Entry', 'Driveway Grade', 'Driveway Surface', 'Max Num of People', 'Max Num of Vehicles', 'Max Vehicle Length', 'Pets Allowed', 'Proximity to Water', 'Shade', 'Placed on Map', 'Equipment Mandatory', 'Site Access', 'Tent Pad Size', 'Min Num of People', 'Grills BBQ Fire', 'Tables', 'Tent Pad']"
1015.0,"['Campfire Allowed', 'Checkin Time', 'Checkout Time', 'Max Num of People', 'Max Num of Vehicles', 'Pets Allowed', 'Placed on Map', 'Equipment Mandatory', 'Hike In Distance to Site', 'Site Access']"
14492.0,"['Campfire Allowed', 'Checkin Time', 'Checkout Time', 'Driveway Entry', 'Driveway Surface', 'Max Num of People', 'Max Num of Vehicles', 'Max Vehicle Length', 'Pets Allowed', 'Shade', 'Placed on Map', 'Equipment Mandatory', 'Min Num of People', 'Capacity/Size Rating', 'Grills BBQ Fire', 'Electricity Hookup', 'Tables', 'Tent Pad']"
556.0,"['Campfire Allowed', 'Checkin Time', 'Checkout Time', 'Driveway Entry', 'Driveway Surface', 'Max Num of People', 'Max Num of Vehicles', 'Max Vehicle Length', 'Pets Allowed', 'Placed on Map', 'Equipment Mandatory']"
1080.0,"['Campfire Allowed', 'Checkin Time', 'Checkout Time', 'Driveway Entry', 'Driveway Grade', 'Driveway Surface', 'Max Num of People', 'Max Num of Vehicles', 'Pets Allowed', 'Shade', 'Placed on Map', 'Equipment Mandatory']"
1054.0,"['Checkin Time', 'Checkout Time', 'Placed on Map', 'Food Locker', 'Generator Free']"
183.0,"['Campfire Allowed', 'Checkin Time', 'Checkout Time', 'Driveway Entry', 'Driveway Surface', 'Max Num of People', 'Max Num of Vehicles', 'Max Vehicle Length', 'Pets Allowed', 'Placed on Map', 'Equipment Mandatory', 'Capacity/Size Rating', 'Site size']"
559.0,"['Campfire Allowed', 'Checkin Time', 'Checkout Time', 'Driveway Entry', 'Driveway Surface', 'Max Num of People', 'Max Num of Vehicles', 'Max Vehicle Length', 'Pets Allowed', 'Shade', 'Placed on Map', 'Equipment Mandatory']"
527.0,"['Campfire Allowed', 'Checkin Time', 'Checkout Time', 'Max Num of People', 'Max Num of Vehicles', 'Max Vehicle Length', 'Shade', 'Placed on Map', 'Equipment Mandatory', 'Hike In Distance to Site', 'Site Access', 'Water Hookup']"
358.0,"['Campfire Allowed', 'Checkin Time', 'Checkout Time', 'Driveway Entry', 'Driveway Grade', 'Driveway Surface', 'Max Num of People', 'Max Num of Vehicles', 'Max Vehicle Length', 'Pets Allowed', 'Placed on Map', 'Equipment Mandatory', 'Electricity Hookup', 'Water Hookup']"
577.0,[]
564.0,"['Campfire Allowed', 'Checkin Time', 'Checkout Time', 'Driveway Entry', 'Driveway Surface', 'Max Num of People', 'Max Num of Vehicles', 'Max Vehicle Length', 'Pets Allowed', 'Shade', 'Placed on Map', 'Equipment Mandatory', 'Hike In Distance to Site']"
563.0,"['Campfire Allowed', 'Checkin Time', 'Checkout Time', 'Driveway Entry', 'Driveway Surface', 'Max Num of People', 'Max Num of Vehicles', 'Max Vehicle Length', 'Pets Allowed', 'Shade', 'Placed on Map', 'Equipment Mandatory']"
1023.0,"['Campfire Allowed', 'Checkin Time', 'Checkout Time', 'Driveway Entry', 'Driveway Grade', 'Max Num of People', 'Max Num of Vehicles', 'Max Vehicle Length', 'Pets Allowed', 'Shade', 'Placed on Map', 'Equipment Mandatory']"
525.0,"['Campfire Allowed', 'Checkin Time', 'Checkout Time', 'Max Num of People', 'Max Num of Vehicles', 'Max Vehicle Length', 'Placed on Map', 'Equipment Mandatory', 'Hike In Distance to Site', 'Site Access', 'Water Hookup']"
10008687.0,[]
2632.0,"['Campfire Allowed', 'Checkin Time', 'Checkout Time', 'Driveway Entry', 'Driveway Surface', 'Max Num of People', 'Max Num of Vehicles', 'Max Vehicle Length', 'Pets Allowed', 'Shade', 'Placed on Map', 'Equipment Mandatory', 'Site Access', 'Tent Pad Size', 'Min Num of People', 'Grills BBQ Fire', 'Tables', 'Tent Pad']"
256.0,"['Campfire Allowed', 'Checkin Time', 'Checkout Time', 'Driveway Entry', 'Driveway Surface', 'Max Num of People', 'Max Num of Vehicles', 'Max Vehicle Length', 'Pets Allowed', 'Placed on Map', 'Equipment Mandatory', 'Capacity/Size Rating', 'Site size']"
1087.0,"['Campfire Allowed', 'Checkin Time', 'Checkout Time', 'Max Num of People', 'Max Num of Vehicles', 'Pets Allowed', 'Placed on Map', 'Equipment Mandatory']"
1075.0,"['Campfire Allowed', 'Checkin Time', 'Checkout Time', 'Max Num of People', 'Max Num of Vehicles', 'Pets Allowed', 'Placed on Map', 'Equipment Mandatory', 'Hike In Distance to Site', 'Site Access']"
1113.0,"['Campfire Allowed', 'Checkin Time', 'Checkout Time', 'Driveway Entry', 'Driveway Grade', 'Max Num of People', 'Max Num of Vehicles', 'Pets Allowed', 'Shade', 'Placed on Map', 'Equipment Mandatory', 'Condition Rating']"
1016.0,"['Campfire Allowed', 'Checkin Time', 'Checkout Time', 'Max Num of People', 'Max Num of Vehicles', 'Pets Allowed', 'Shade', 'Placed on Map', 'Equipment Mandatory', 'Hike In Distance to Site', 'Site Access', 'Condition Rating', 'Tent Pad Size']"
2624.0,"['Campfire Allowed', 'Checkin Time', 'Checkout Time', 'Driveway Entry', 'Driveway Grade', 'Driveway Surface', 'Max Num of People', 'Max Num of Vehicles', 'Max Vehicle Length', 'Pets Allowed', 'Proximity to Water', 'Shade', 'Placed on Map', 'Equipment Mandatory', 'Site Access', 'Tent Pad Size', 'Min Num of People', 'Grills BBQ Fire', 'Tables', 'Tent Pad']"
1084.0,"['Campfire Allowed', 'Checkin Time', 'Checkout Time', 'Driveway Entry', 'Driveway Grade', 'Max Num of People', 'Max Num of Vehicles', 'Max Vehicle Length', 'Pets Allowed', 'Placed on Map', 'Equipment Mandatory']"
1052.0,"['Campfire Allowed', 'Checkin Time', 'Checkout Time', 'Driveway Entry', 'Driveway Grade', 'Max Num of People', 'Max Num of Vehicles', 'Max Vehicle Length', 'Pets Allowed', 'Placed on Map', 'Equipment Mandatory']"
10.0,"['Campfire Allowed', 'Checkin Time', 'Checkout Time', 'Driveway Entry', 'Driveway Grade', 'Driveway Surface', 'Max Num of People', 'Max Num of Vehicles', 'Max Vehicle Length', 'Pets Allowed', 'Proximity to Water', 'Shade', 'Placed on Map', 'Equipment Mandatory']"
2732.0,"['Checkin Time', 'Checkout Time', 'Driveway Entry', 'Driveway Grade', 'Driveway Surface', 'Max Num of People', 'Max Num of Vehicles', 'Max Vehicle Length', 'Shade', 'Placed on Map', 'Equipment Mandatory', 'Site Access', 'Tent Pad Size', 'Grills BBQ Fire', 'Tables', 'Tent Pad']"
149.0,"['Campfire Allowed', 'Checkin Time', 'Checkout Time', 'Driveway Entry', 'Driveway Grade', 'Driveway Surface', 'Max Num of People', 'Max Num of Vehicles', 'Max Vehicle Length', 'Pets Allowed', 'Placed on Map', 'Equipment Mandatory', 'Capacity/Size Rating', 'Site size']"
165.0,"['Campfire Allowed', 'Checkin Time', 'Checkout Time', 'Driveway Entry', 'Driveway Surface', 'Max Num of People', 'Max Num of Vehicles', 'Max Vehicle Length', 'Pets Allowed', 'Placed on Map', 'Equipment Mandatory', 'Capacity/Size Rating', 'Site size']"
228.0,"['Campfire Allowed', 'Checkin Time', 'Checkout Time', 'Driveway Entry', 'Driveway Surface', 'Max Num of People', 'Max Num of Vehicles', 'Max Vehicle Length', 'Pets Allowed', 'Placed on Map', 'Equipment Mandatory', 'Capacity/Size Rating']"
260.0,"['Campfire Allowed', 'Checkin Time', 'Checkout Time', 'Driveway Entry', 'Driveway Surface', 'Max Num of People', 'Max Num of Vehicles', 'Max Vehicle Length', 'Pets Allowed', 'Placed on Map', 'Equipment Mandatory', 'Capacity/Size Rating', 'Site size']"
1036.0,"['Campfire Allowed', 'Checkin Time', 'Checkout Time', 'Driveway Entry', 'Driveway Grade', 'Max Num of People', 'Max Num of Vehicles', 'Max Vehicle Length', 'Pets Allowed', 'Placed on Map', 'Equipment Mandatory', 'Tent Pad Size']"
2730.0,"['Checkin Time', 'Checkout Time', 'Driveway Entry', 'Driveway Grade', 'Driveway Surface', 'Max Num of People', 'Max Num of Vehicles', 'Max Vehicle Length', 'Shade', 'Equipment Mandatory', 'Site Access', 'Tent Pad Size']"
536.0,"['Campfire Allowed', 'Checkin Time', 'Checkout Time', 'Driveway Entry', 'Driveway Surface', 'Max Num of People', 'Max Num of Vehicles', 'Max Vehicle Length', 'Pets Allowed', 'Proximity to Water', 'Shade', 'Placed on Map', 'Equipment Mandatory', 'Hike In Distance to Site', 'Site Access']"
273.0,"['Campfire Allowed', 'Checkin Time', 'Checkout Time', 'Driveway Entry', 'Driveway Surface', 'Max Num of People', 'Max Num of Vehicles', 'Max Vehicle Length', 'Pets Allowed', 'Shade', 'Placed on Map', 'Equipment Mandatory', 'Capacity/Size Rating', 'Site size']"
1148.0,"['Checkin Time', 'Checkout Time', 'Placed on Map', 'Food Locker', 'Generator Free']"
1768.0,"['Campfire Allowed', 'Checkin Time', 'Checkout Time', 'Driveway Entry', 'Driveway Surface', 'Max Num of People', 'Max Num of Vehicles', 'Max Vehicle Length', 'Pets Allowed', 'Shade', 'Equipment Mandatory', 'Site Access', 'Min Num of People', 'Capacity/Size Rating', 'Site size', 'Min Num of Vehicles']"
1544.0,"['Campfire Allowed', 'Checkin Time', 'Checkout Time', 'Driveway Entry', 'Driveway Surface', 'Max Num of People', 'Max Num of Vehicles', 'Pets Allowed', 'Shade', 'Equipment Mandatory', 'Tent Pad Size', 'Food Locker', 'Min Num of People', 'Grills BBQ Fire', 'Tables', 'Tent Pad', 'Quiet Area']"
2751.0,"['Campfire Allowed', 'Checkin Time', 'Checkout Time', 'Driveway Entry', 'Driveway Grade', 'Driveway Surface', 'Max Num of People', 'Max Num of Vehicles', 'Pets Allowed', 'Shade', 'Equipment Mandatory', 'Site Access', 'Condition Rating', 'Min Num of People', 'Capacity/Size Rating', 'Grills BBQ Fire', 'Tables', 'Min Num of Vehicles', 'Drinking Water', 'Paved Parking', 'Location Rating', 'Showers', 'Concessions Gifts', 'Emergency Phone', 'Entrance Station', 'Paved Roads', 'Ice', 'Toilets', 'Trailheads', 'Amphitheater', 'Firewood Vender', 'Laundry Facilities', 'Kennel', 'Wireless Internet', 'Cave Tours', 'Visitor Center']"
1451.0,"['Campfire Allowed', 'Checkin Time', 'Checkout Time', 'Driveway Entry', 'Driveway Surface', 'Max Num of People', 'Max Num of Vehicles', 'Pets Allowed', 'Equipment Mandatory', 'Tent Pad Size', 'Food Locker', 'Min Num of People', 'Grills BBQ Fire', 'Tables', 'Tent Pad']"
521.0,"['Campfire Allowed', 'Checkin Time', 'Checkout Time', 'Max Num of People', 'Max Num of Vehicles', 'Max Vehicle Length', 'Placed on Map', 'Equipment Mandatory', 'Hike In Distance to Site', 'Site Access', 'Water Hookup']"
551.0,"['Campfire Allowed', 'Checkin Time', 'Checkout Time', 'Driveway Entry', 'Driveway Grade', 'Driveway Surface', 'Max Num of People', 'Max Num of Vehicles', 'Max Vehicle Length', 'Pets Allowed', 'Placed on Map', 'Equipment Mandatory', 'Double Driveway']"
1060.0,"['Campfire Allowed', 'Checkin Time', 'Checkout Time', 'Driveway Entry', 'Driveway Grade', 'Max Num of People', 'Max Num of Vehicles', 'Max Vehicle Length', 'Pets Allowed', 'Shade', 'Placed on Map', 'Equipment Mandatory']"
1070.0,"['Campfire Allowed', 'Checkin Time', 'Checkout Time', 'Driveway Entry', 'Driveway Grade', 'Max Num of People', 'Max Num of Vehicles', 'Max Vehicle Length', 'Pets Allowed', 'Placed on Map', 'Equipment Mandatory']"
535.0,"['Campfire Allowed', 'Checkin Time', 'Checkout Time', 'Max Num of People', 'Max Num of Vehicles', 'Max Vehicle Length', 'Placed on Map', 'Equipment Mandatory', 'Hike In Distance to Site', 'Site Access', 'Water Hookup']"
475.0,"['Campfire Allowed', 'Checkin Time', 'Checkout Time', 'Driveway Entry', 'Driveway Grade', 'Driveway Surface', 'Max Num of People', 'Max Num of Vehicles', 'Max Vehicle Length', 'Pets Allowed', 'Proximity to Water', 'Placed on Map', 'Equipment Mandatory', 'Electricity Hookup', 'Water Hookup']"
270.0,"['Campfire Allowed', 'Checkin Time', 'Checkout Time', 'Driveway Entry', 'Driveway Surface', 'Max Num of People', 'Max Num of Vehicles', 'Max Vehicle Length', 'Pets Allowed', 'Placed on Map', 'Equipment Mandatory', 'Capacity/Size Rating', 'Site size']"
547.0,"['Campfire Allowed', 'Checkin Time', 'Checkout Time', 'Driveway Grade', 'Driveway Surface', 'Max Num of People', 'Max Num of Vehicles', 'Max Vehicle Length', 'Pets Allowed', 'Placed on Map', 'Equipment Mandatory']"
1038.0,[]
1032.0,"['Campfire Allowed', 'Checkin Time', 'Checkout Time', 'Driveway Entry', 'Driveway Grade', 'Max Num of People', 'Max Num of Vehicles', 'Max Vehicle Length', 'Pets Allowed', 'Placed on Map', 'Equipment Mandatory', 'Tent Pad Size']"
2615.0,"['Campfire Allowed', 'Checkin Time', 'Checkout Time', 'Driveway Entry', 'Driveway Surface', 'Max Num of People', 'Max Num of Vehicles', 'Pets Allowed', 'Shade', 'Placed on Map', 'Equipment Mandatory', 'Site Access', 'Min Num of People', 'Grills BBQ Fire', 'Tables', 'Tent Pad']"
1037.0,"['Campfire Allowed', 'Checkin Time', 'Checkout Time', 'Driveway Entry', 'Driveway Grade', 'Max Num of People', 'Max Num of Vehicles', 'Max Vehicle Length', 'Pets Allowed', 'Placed on Map', 'Equipment Mandatory']"
1058.0,[]
1091.0,"['Campfire Allowed', 'Checkin Time', 'Checkout Time', 'Max Num of People', 'Max Num of Vehicles', 'Pets Allowed', 'Shade', 'Placed on Map', 'Equipment Mandatory', 'Hike In Distance to Site', 'Site Access']"
1033.0,"['Campfire Allowed', 'Checkin Time', 'Checkout Time', 'Driveway Entry', 'Driveway Grade', 'Driveway Surface', 'Max Num of People', 'Max Num of Vehicles', 'Pets Allowed', 'Shade', 'Placed on Map', 'Equipment Mandatory']"
1128.0,"['Campfire Allowed', 'Checkin Time', 'Checkout Time', 'Driveway Entry', 'Driveway Grade', 'Max Num of People', 'Max Num of Vehicles', 'Max Vehicle Length', 'Pets Allowed', 'Shade', 'Placed on Map', 'Equipment Mandatory', 'Condition Rating']"
1079.0,"['Campfire Allowed', 'Checkin Time', 'Checkout Time', 'Max Num of People', 'Max Num of Vehicles', 'Pets Allowed', 'Shade', 'Placed on Map', 'Equipment Mandatory', 'Hike In Distance to Site', 'Site Access']"
354.0,"['Campfire Allowed', 'Checkin Time', 'Checkout Time', 'Driveway Entry', 'Driveway Grade', 'Driveway Surface', 'Max Num of People', 'Max Num of Vehicles', 'Max Vehicle Length', 'Pets Allowed', 'Shade', 'Placed on Map', 'Equipment Mandatory', 'Electricity Hookup', 'Water Hookup']"
1056.0,"['Campfire Allowed', 'Checkin Time', 'Checkout Time', 'Driveway Entry', 'Driveway Grade', 'Max Num of People', 'Max Num of Vehicles', 'Max Vehicle Length', 'Pets Allowed', 'Placed on Map', 'Equipment Mandatory']"
1012.0,"['Campfire Allowed', 'Checkin Time', 'Checkout Time', 'Driveway Entry', 'Driveway Grade', 'Max Num of People', 'Max Num of Vehicles', 'Max Vehicle Length', 'Pets Allowed', 'Placed on Map', 'Equipment Mandatory']"
1854.0,"['Campfire Allowed', 'Driveway Entry', 'Driveway Grade', 'Driveway Surface', 'Max Num of People', 'Max Num of Vehicles', 'Max Vehicle Length', 'Pets Allowed', 'Shade', 'Equipment Mandatory', 'Site Access', 'Min Num of People', 'Capacity/Size Rating', 'Site size', 'Water Hookup', 'Min Num of Vehicles']"
560.0,"['Campfire Allowed', 'Checkin Time', 'Checkout Time', 'Driveway Entry', 'Driveway Surface', 'Max Num of People', 'Max Num of Vehicles', 'Max Vehicle Length', 'Pets Allowed', 'Proximity to Water', 'Shade', 'Placed on Map', 'Equipment Mandatory']"
1086.0,"['Campfire Allowed', 'Checkin Time', 'Checkout Time', 'Driveway Entry', 'Max Num of People', 'Max Num of Vehicles', 'Max Vehicle Length', 'Pets Allowed', 'Placed on Map', 'Equipment Mandatory']"
1699.0,"['Campfire Allowed', 'Checkin Time', 'Checkout Time', 'Driveway Entry', 'Driveway Grade', 'Driveway Surface', 'Max Num of People', 'Max Num of Vehicles', 'Max Vehicle Length', 'Pets Allowed', 'Shade', 'Equipment Mandatory', 'Site Access', 'Food Locker', 'Min Num of People', 'Capacity/Size Rating', 'Site size', 'Min Num of Vehicles']"
534.0,"['Campfire Allowed', 'Checkin Time', 'Checkout Time', 'Max Num of People', 'Max Num of Vehicles', 'Max Vehicle Length', 'Placed on Map', 'Equipment Mandatory', 'Hike In Distance to Site', 'Site Access', 'Water Hookup']"
287.0,"['Campfire Allowed', 'Checkin Time', 'Checkout Time', 'Driveway Entry', 'Max Num of People', 'Max Num of Vehicles', 'Max Vehicle Length', 'Pets Allowed', 'Placed on Map', 'Equipment Mandatory', 'Capacity/Size Rating', 'Site size']"
1059.0,[]
1097.0,[]
2018.0,[]
569.0,"['Campfire Allowed', 'Checkin Time', 'Checkout Time', 'Driveway Entry', 'Driveway Grade', 'Driveway Surface', 'Max Num of People', 'Max Num of Vehicles', 'Max Vehicle Length', 'Pets Allowed', 'Proximity to Water', 'Placed on Map', 'Equipment Mandatory']"
1013.0,"['Campfire Allowed', 'Checkin Time', 'Checkout Time', 'Max Num of People', 'Max Num of Vehicles', 'Pets Allowed', 'Shade', 'Placed on Map', 'Equipment Mandatory', 'Hike In Distance to Site', 'Site Access']"
10008681.0,[]
539.0,"['Campfire Allowed', 'Checkin Time', 'Checkout Time', 'Driveway Entry', 'Driveway Surface', 'Max Num of People', 'Max Num of Vehicles', 'Max Vehicle Length', 'Pets Allowed', 'Proximity to Water', 'Shade', 'Placed on Map', 'Equipment Mandatory', 'Hike In Distance to Site', 'Site Access']"
1102.0,"['Campfire Allowed', 'Checkin Time', 'Checkout Time', 'Driveway Entry', 'Driveway Grade', 'Max Num of People', 'Max Num of Vehicles', 'Max Vehicle Length', 'Pets Allowed', 'Shade', 'Placed on Map', 'Equipment Mandatory']"
538.0,"['Campfire Allowed', 'Checkin Time', 'Checkout Time', 'Driveway Entry', 'Driveway Grade', 'Driveway Surface', 'Max Num of People', 'Max Num of Vehicles', 'Max Vehicle Length', 'Pets Allowed', 'Shade', 'Placed on Map', 'Equipment Mandatory']"
1089.0,"['Campfire Allowed', 'Checkin Time', 'Checkout Time', 'Max Num of People', 'Max Num of Vehicles', 'Pets Allowed', 'Placed on Map', 'Equipment Mandatory', 'Hike In Distance to Site', 'Site Access', 'Condition Rating']"
2877.0,"['Campfire Allowed', 'Checkin Time', 'Checkout Time', 'Driveway Entry', 'Driveway Surface', 'Max Num of People', 'Max Num of Vehicles', 'Max Vehicle Length', 'Pets Allowed', 'Proximity to Water', 'Shade', 'Placed on Map', 'Equipment Mandatory', 'Site Access', 'Tent Pad Size', 'Min Num of People', 'Grills BBQ Fire', 'Tables', 'Tent Pad']"
2802.0,"['Campfire Allowed', 'Checkin Time', 'Checkout Time', 'Driveway Entry', 'Driveway Grade', 'Driveway Surface', 'Max Num of People', 'Max Num of Vehicles', 'Pets Allowed', 'Shade', 'Equipment Mandatory', 'Site Access', 'Condition Rating', 'Min Num of People', 'Capacity/Size Rating', 'Grills BBQ Fire', 'Tables', 'Min Num of Vehicles', 'Drinking Water', 'Paved Parking', 'Location Rating', 'Showers', 'Concessions Gifts', 'Emergency Phone', 'Entrance Station', 'Paved Roads', 'Toilets', 'Trailheads', 'Amphitheater', 'Firewood Vender', 'Kennel', 'Wireless Internet', 'Cave Tours', 'Visitor Center']"
398.0,"['Checkin Time', 'Checkout Time', 'Max Num of People', 'Max Num of Vehicles', 'Pets Allowed', 'Shade', 'Placed on Map', 'Equipment Mandatory']"
1116.0,"['Campfire Allowed', 'Checkin Time', 'Checkout Time', 'Driveway Entry', 'Driveway Grade', 'Max Num of People', 'Max Num of Vehicles', 'Pets Allowed', 'Placed on Map', 'Equipment Mandatory', 'Condition Rating', 'Tent Pad Size']"
1019.0,"['Campfire Allowed', 'Checkin Time', 'Checkout Time', 'Driveway Entry', 'Driveway Grade', 'Max Num of People', 'Max Num of Vehicles', 'Max Vehicle Length', 'Pets Allowed', 'Shade', 'Placed on Map', 'Equipment Mandatory']"
1044.0,"['Campfire Allowed', 'Checkin Time', 'Checkout Time', 'Max Num of People', 'Max Num of Vehicles', 'Pets Allowed', 'Shade', 'Placed on Map', 'Equipment Mandatory', 'Hike In Distance to Site', 'Site Access', 'Tent Pad Size']"
562.0,[]
597.0,"['Campfire Allowed', 'Checkin Time', 'Checkout Time', 'Driveway Entry', 'Driveway Surface', 'Max Num of People', 'Max Num of Vehicles', 'Max Vehicle Length', 'Pets Allowed', 'Shade', 'Placed on Map', 'Equipment Mandatory', 'Capacity/Size Rating', 'Site size']"
286.0,"['Campfire Allowed', 'Checkin Time', 'Checkout Time', 'Driveway Entry', 'Driveway Surface', 'Max Num of People', 'Max Num of Vehicles', 'Max Vehicle Length', 'Pets Allowed', 'Placed on Map', 'Equipment Mandatory', 'Capacity/Size Rating', 'Site size', 'Double Driveway']"
524.0,"['Campfire Allowed', 'Checkin Time', 'Checkout Time', 'Max Num of People', 'Max Num of Vehicles', 'Max Vehicle Length', 'Placed on Map', 'Equipment Mandatory', 'Hike In Distance to Site', 'Site Access', 'Water Hookup']"
16232.0,"['Campfire Allowed', 'Checkin Time', 'Checkout Time', 'Driveway Entry', 'Driveway Surface', 'Max Num of People', 'Max Num of Vehicles', 'Max Vehicle Length', 'Pets Allowed', 'Placed on Map', 'Equipment Mandatory', 'Min Num of People', 'Capacity/Size Rating', 'Grills BBQ Fire', 'Tables']"
326.0,"['Campfire Allowed', 'Checkin Time', 'Checkout Time', 'Driveway Entry', 'Driveway Surface', 'Max Num of People', 'Max Num of Vehicles', 'Max Vehicle Length', 'Pets Allowed', 'Shade', 'Placed on Map', 'Equipment Mandatory', 'Capacity/Size Rating', 'Site size']"
394.0,"['Campfire Allowed', 'Checkin Time', 'Checkout Time', 'Driveway Entry', 'Driveway Grade', 'Driveway Surface', 'Max Num of People', 'Max Num of Vehicles', 'Max Vehicle Length', 'Pets Allowed', 'Shade', 'Placed on Map', 'Equipment Mandatory', 'Electricity Hookup', 'Water Hookup']"
277.0,"['Campfire Allowed', 'Checkin Time', 'Checkout Time', 'Driveway Entry', 'Driveway Surface', 'Max Num of People', 'Max Num of Vehicles', 'Max Vehicle Length', 'Pets Allowed', 'Shade', 'Placed on Map', 'Equipment Mandatory', 'Capacity/Size Rating', 'Site size']"
1065.0,"['Campfire Allowed', 'Checkin Time', 'Checkout Time', 'Max Num of People', 'Max Num of Vehicles', 'Pets Allowed', 'Shade', 'Placed on Map', 'Equipment Mandatory', 'Hike In Distance to Site', 'Site Access', 'Condition Rating', 'Site Rating']"
10008679.0,[]
1069.0,[]
1043.0,"['Checkin Time', 'Checkout Time', 'Driveway Entry', 'Driveway Grade', 'Max Num of People', 'Max Num of Vehicles', 'Max Vehicle Length', 'Pets Allowed', 'Placed on Map', 'Equipment Mandatory']"
2663.0,"['Campfire Allowed', 'Checkin Time', 'Checkout Time', 'Driveway Entry', 'Driveway Surface', 'Max Num of People', 'Max Num of Vehicles', 'Max Vehicle Length', 'Pets Allowed', 'Shade', 'Placed on Map', 'Equipment Mandatory', 'Site Access', 'Tent Pad Size', 'Min Num of People', 'Grills BBQ Fire', 'Tables', 'Tent Pad']"
2160.0,"['Campfire Allowed', 'Checkin Time', 'Checkout Time', 'Driveway Entry', 'Driveway Surface', 'Max Num of People', 'Max Num of Vehicles', 'Max Vehicle Length', 'Pets Allowed', 'Shade', 'Tent Pad Size', 'Food Locker', 'Min Num of People', 'Grills BBQ Fire', 'Tables', 'Tent Pad']"
483.0,"['Checkin Time', 'Checkout Time', 'Max Num of People', 'Max Num of Vehicles', 'Pets Allowed', 'Shade', 'Placed on Map', 'Equipment Mandatory']"
2722.0,"['Checkin Time', 'Checkout Time', 'Driveway Entry', 'Driveway Grade', 'Driveway Surface', 'Max Num of People', 'Max Num of Vehicles', 'Max Vehicle Length', 'Shade', 'Equipment Mandatory', 'Site Access', 'Tent Pad Size']"
555.0,"['Campfire Allowed', 'Checkin Time', 'Checkout Time', 'Driveway Entry', 'Driveway Surface', 'Max Num of People', 'Max Num of Vehicles', 'Max Vehicle Length', 'Pets Allowed', 'Placed on Map', 'Equipment Mandatory']"
1026.0,"['Campfire Allowed', 'Checkin Time', 'Checkout Time', 'Driveway Entry', 'Driveway Grade', 'Max Num of People', 'Max Num of Vehicles', 'Max Vehicle Length', 'Pets Allowed', 'Shade', 'Placed on Map', 'Equipment Mandatory']"
1014.0,"['Campfire Allowed', 'Checkin Time', 'Checkout Time', 'Driveway Entry', 'Max Num of People', 'Max Num of Vehicles', 'Max Vehicle Length', 'Pets Allowed', 'Placed on Map', 'Equipment Mandatory']"
10008680.0,[]
2599.0,"['Campfire Allowed', 'Checkin Time', 'Checkout Time', 'Driveway Entry', 'Driveway Grade', 'Driveway Surface', 'Max Num of People', 'Max Num of Vehicles', 'Max Vehicle Length', 'Pets Allowed', 'Shade', 'Placed on Map', 'Equipment Mandatory', 'Site Access', 'Tent Pad Size', 'Min Num of People', 'Grills BBQ Fire', 'Tables', 'Tent Pad']"
1018.0,"['Campfire Allowed', 'Checkin Time', 'Checkout Time', 'Max Num of People', 'Max Num of Vehicles', 'Pets Allowed', 'Shade', 'Placed on Map', 'Equipment Mandatory', 'Hike In Distance to Site', 'Site Access', 'Condition Rating']"
2569.0,[]
1022.0,"['Campfire Allowed', 'Checkin Time', 'Checkout Time', 'Max Num of People', 'Max Num of Vehicles', 'Pets Allowed', 'Shade', 'Placed on Map', 'Equipment Mandatory', 'Hike In Distance to Site', 'Site Access']"
16330.0,"['Campfire Allowed', 'Checkin Time', 'Checkout Time', 'Driveway Entry', 'Driveway Surface', 'Max Num of People', 'Max Num of Vehicles', 'Max Vehicle Length', 'Pets Allowed', 'Placed on Map', 'Equipment Mandatory', 'Min Num of People', 'Capacity/Size Rating', 'Site size', 'Grills BBQ Fire', 'Electricity Hookup', 'Water Hookup', 'Tables']"
522.0,"['Campfire Allowed', 'Checkin Time', 'Checkout Time', 'Max Num of People', 'Max Num of Vehicles', 'Max Vehicle Length', 'Placed on Map', 'Equipment Mandatory', 'Hike In Distance to Site', 'Site Access', 'Water Hookup']"
10008691.0,[]
2915.0,"['Campfire Allowed', 'Checkin Time', 'Checkout Time', 'Driveway Entry', 'Driveway Grade', 'Driveway Surface', 'Max Num of People', 'Max Num of Vehicles', 'Max Vehicle Length', 'Pets Allowed', 'Shade', 'Placed on Map', 'Equipment Mandatory', 'Site Access', 'Tent Pad Size', 'Min Num of People', 'Grills BBQ Fire', 'Tables', 'Tent Pad']"
2787.0,"['Campfire Allowed', 'Checkin Time', 'Checkout Time', 'Driveway Entry', 'Driveway Grade', 'Driveway Surface', 'Max Num of People', 'Max Num of Vehicles', 'Max Vehicle Length', 'Pets Allowed', 'Shade', 'Site Access', 'Condition Rating', 'Min Num of People', 'Capacity/Size Rating', 'Grills BBQ Fire', 'Tables', 'Min Num of Vehicles', 'Drinking Water', 'Paved Parking', 'Location Rating', 'Showers', 'Concessions Gifts', 'Emergency Phone', 'Entrance Station', 'Paved Roads', 'Ice', 'Toilets', 'Trailheads', 'Amphitheater', 'Firewood Vender', 'Laundry Facilities', 'Kennel', 'Wireless Internet', 'Cave Tours', 'Visitor Center']"
10008684.0,[]
14569.0,"['Checkin Time', 'Checkout Time', 'Driveway Entry', 'Driveway Surface', 'Max Num of People', 'Max Num of Vehicles', 'Max Vehicle Length', 'Pets Allowed', 'Placed on Map', 'Equipment Mandatory', 'Min Num of People', 'Capacity/Size Rating', 'Electricity Hookup', 'Water Hookup', 'Sewer Hookup']"
10008689.0,[]
1105.0,[]
1458.0,"['Campfire Allowed', 'Checkin Time', 'Checkout Time', 'Driveway Entry', 'Driveway Surface', 'Max Num of People', 'Max Num of Vehicles', 'Pets Allowed', 'Equipment Mandatory', 'Tent Pad Size', 'Food Locker', 'Min Num of People', 'Grills BBQ Fire', 'Tables', 'Tent Pad']"
2648.0,"['Campfire Allowed', 'Checkin Time', 'Checkout Time', 'Max Num of People', 'Max Num of Vehicles', 'Max Vehicle Length', 'Pets Allowed', 'Shade', 'Placed on Map', 'Equipment Mandatory', 'Site Access', 'Tent Pad Size', 'Min Num of People', 'Grills BBQ Fire', 'Tables', 'Tent Pad', 'Double Driveway']"
10008682.0,[]
1100.0,"['Campfire Allowed', 'Checkin Time', 'Checkout Time', 'Max Num of People', 'Max Num of Vehicles', 'Pets Allowed', 'Shade', 'Placed on Map', 'Equipment Mandatory', 'Hike In Distance to Site', 'Site Access']"
10008688.0,[]
1098.0,"['Campfire Allowed', 'Checkin Time', 'Checkout Time', 'Driveway Entry', 'Driveway Grade', 'Max Num of People', 'Max Num of Vehicles', 'Max Vehicle Length', 'Pets Allowed', 'Placed on Map', 'Equipment Mandatory']"
1111.0,[]
2579.0,"['Campfire Allowed', 'Checkin Time', 'Checkout Time', 'Driveway Entry', 'Driveway Surface', 'Max Num of People', 'Max Num of Vehicles', 'Max Vehicle Length', 'Pets Allowed', 'Placed on Map', 'Equipment Mandatory', 'Site Access', 'Tent Pad Size', 'Capacity/Size Rating', 'Grills BBQ Fire', 'Tables', 'Double Driveway']"
2977.0,[]
2786.0,"['Campfire Allowed', 'Checkin Time', 'Checkout Time', 'Driveway Entry', 'Driveway Grade', 'Driveway Surface', 'Max Num of People', 'Max Num of Vehicles', 'Max Vehicle Length', 'Pets Allowed', 'Shade', 'Site Access', 'Condition Rating', 'Min Num of People', 'Capacity/Size Rating', 'Grills BBQ Fire', 'Tables', 'Min Num of Vehicles', 'Drinking Water', 'Paved Parking', 'Location Rating', 'Showers', 'Concessions Gifts', 'Emergency Phone', 'Entrance Station', 'Paved Roads', 'Ice', 'Toilets', 'Trailheads', 'Amphitheater', 'Firewood Vender', 'Laundry Facilities', 'Kennel', 'Wireless Internet', 'Cave Tours', 'Visitor Center']"
14494.0,"['Campfire Allowed', 'Checkin Time', 'Checkout Time', 'Driveway Surface', 'Max Num of People', 'Max Num of Vehicles', 'Max Vehicle Length', 'Pets Allowed', 'Shade', 'Placed on Map', 'Equipment Mandatory', 'Min Num of People', 'Capacity/Size Rating', 'Grills BBQ Fire', 'Tables', 'Tent Pad']"
1145.0,"['Campfire Allowed', 'Checkin Time', 'Checkout Time', 'Driveway Entry', 'Driveway Grade', 'Max Num of People', 'Max Num of Vehicles', 'Max Vehicle Length', 'Pets Allowed', 'Shade', 'Placed on Map', 'Equipment Mandatory', 'Condition Rating', 'Accessibility']"
2799.0,"['Campfire Allowed', 'Checkin Time', 'Checkout Time', 'Driveway Entry', 'Driveway Grade', 'Driveway Surface', 'Max Num of People', 'Max Num of Vehicles', 'Pets Allowed', 'Shade', 'Placed on Map', 'Equipment Mandatory', 'Site Access', 'Condition Rating', 'Min Num of People', 'Capacity/Size Rating', 'Grills BBQ Fire', 'Tables', 'Min Num of Vehicles', 'Location Rating']"
10008686.0,[]
2923.0,[]
46.0,[]
16442.0,"['Campfire Allowed', 'Checkin Time', 'Checkout Time', 'Driveway Entry', 'Driveway Surface', 'Max Num of People', 'Max Num of Vehicles', 'Max Vehicle Length', 'Pets Allowed', 'Shade', 'Placed on Map', 'Equipment Mandatory', 'Min Num of People', 'Capacity/Size Rating', 'Site size', 'Grills BBQ Fire', 'Electricity Hookup', 'Water Hookup', 'Tables', 'Tent Pad', 'Lantern Pole']"
10008692.0,[]
2023.0,[]
215.0,[]
2607.0,"['Campfire Allowed', 'Checkin Time', 'Checkout Time', 'Driveway Entry', 'Driveway Grade', 'Driveway Surface', 'Max Num of People', 'Max Num of Vehicles', 'Max Vehicle Length', 'Pets Allowed', 'Shade', 'Placed on Map', 'Equipment Mandatory', 'Site Access', 'Tent Pad Size', 'Min Num of People', 'Grills BBQ Fire', 'Tables', 'Tent Pad']"
154.0,"['Campfire Allowed', 'Checkin Time', 'Checkout Time', 'Driveway Entry', 'Driveway Surface', 'Max Num of People', 'Max Num of Vehicles', 'Max Vehicle Length', 'Pets Allowed', 'Placed on Map', 'Equipment Mandatory', 'Capacity/Size Rating', 'Site size']"
